SMILES,Potency vs Parasite (uMol),Ion Regulation Activity,SSI%,EC50Chembl(uM)
[C@H](COc1cncc2n1c(nn2)c1ccc(cc1)OC(F)F)(c1cc(c(cc1)F)F)NC,10,,,
[C@H]1([C@@H](N(C1)C1CC1)c1cc(c(cc1)F)F)Oc1cncc2n1c(nn2)c1ccc(cc1)OC(F)F,0.6095,,,
[C@H]1([C@@H](N(C1=O)C1CC1)c1cc(c(cc1)F)F)Oc1cncc2n1c(nn2)c1ccc(cc1)OC(F)F,1.121,,,
[C@H]1([C@H](N(C1)C1CC1)c1ccc(c(c1)F)F)Oc1cncc2nnc(n12)c1ccc(cc1)OC(F)F,0.7308,,,
[C@H]1(C(N([C@@H]1c1cc(c(cc1)F)F)C1CC1)=O)Oc1ncc2n(c1)c(nn2)c1ccc(cc1)OC(F)F,10,,,
[H]N(C1=NN=C(C2=CC=CC=C2)S1)C3=NC(OCCC4=CC=C(F)C=C4)=CN=C3,,,,
[H]N(CC(N)=O)C,,,,
[n+]1(C)c2c(cccc2)nc(ccc(NCCO)c3)c13,0.296,0,,
[O-][N+](=O)c1ccc(C=NNc2nc3ccccc3[nH]2)cc1,0.142,0,,0.480924229
[O-][N+](=O)c1cn2C[C@@H](COc2n1)OCc3ccc(OC(F)(F)F)cc3,,,,
[O-][N+](=O)c1nccn1CC(=O)NCc2ccccc2,,,,
BrC1=CC2=NC=NC(N)=C2S1,,,22,
BrC1=CC2=NC=NC(NN)=C2S1,,,14,
Brc1c(nc2ncccn12)c3ccc4OCOc4c3,,,,
Brc1ccc(C=CC2=NC(=O)c3ccccc3O2)cc1,,0,,1.051940014
Brc1ccc(cc1)c2cc3C(=O)c4ccccc4c3nn2,1.07,0,,2.499
Brc1ccc(cc1)c2oc(cc2)C(=O)Nc3ccc(CN4CCOCC4)cc3,1.36,0,,1.120307298
Brc1ccc(cc1)S(=O)(=O)N2CCC(CC2)C(=O)NCc3occc3,0.939,0,,0.362
Brc1ccc(Nc2nc3ccccc3nc2Nc4ccc(Br)cc4)cc1,1.061,0,,0.795711249
Brc1ccc2NC(=O)C3(NCCc4c3[nH]c5ccccc45)c2c1,0.5,1,,
Brc1ccc2OCC(=Cc2c1)C(=O)NCCCN3CCC(CC3)N4CCCCC4,0.563,0,,0.853221524
Brc1cccc(c1)C(=O)Nc2ccc(cc2)c3nc4cc5ccccc5cc4[nH]3,0.45,0,,0.362646111
Brc1ccccc1C(=O)Nc2nc(cs2)c3ccccn3,1.36,0,,4.5278
Brc1cncc(c1)c2cc(NCCCn3ccnc3)nc(n2)c4ccccc4,,,,
C([C@@H]1CN(CCN1)c2nccc(Oc3ccc(cc3)n4ccnc4)n2)c5ccccc5,,,,
c([nH]nc1c2c(O)cc(C)c(Cl)c2)(C3=O)c1C(c4ccccc4F)N3CCc(cc5)ccc5OC,0.916,0,,
c(c(ccn1)NCCN(CC)CC)(ccc(Cl)c2)c12,0.0581,0,,0.00716
C(C1CC1)N2Cc3ccccc3OC4(CCN(Cc5c[nH]c6cnccc56)CC4)C2,0.6,0,,
C(c1ccccc1)n2c(N=Nc3c(Nc4ccccc4)ccc5ccccc35)nc6ccccc26,0.0368,0,,2.734
C(Cc1c[nH]c2ccccc12)Nc3c4ccccc4nc5ccccc35,0.304,0,,0.086
C(CCCNc1c2CCCCc2nc3ccccc13)CCNc4c5CCCCc5nc6ccccc46,0.376,0,,0.195762173
C(COc1cncc2n1c(nn2)c1ccc(cc1)OC(F)F)(c1ccc(c(c1)F)F)(F)C,0.1228,,,
C(COc1cncc2n1c(nn2)c1ccc(cc1)OC(F)F)(c1ccc(c(c1)F)F)(O)C,0.1012,,,
C(COc1cncc2n1c(nn2)c1ccc(cc1)OC(F)F)(c1ccc(c(c1)F)F)F,0.06536,,,
C(COc1cncc2n1c(nn2)c1cnc(cc1)C(F)(F)F)c1cc(c(cc1)F)F,0.4349,0,,
C(F)(F)(F)c(cc1)ccc1C(=O)NCC(N2CCCCCC2)c(ccs3)c3,0.433,0,,
c(n1)(nc(NNC(=O)c(cc2)ccc2)cc1N(CCC3)C3)N(C4)CCC4,1.33,0,,
C(N1CCOCC1)c2cc(n[nH]2)c3ccc(Oc4ccccc4)cc3,,,,
C(Nc1cccnc1)c2ccc(s2)c3cc4ccncc4cc3OC5CCNCC5,,,,
C(Nc1nc(nc2ccccc12)N3CCCCC3)c4occc4,,,,
C(Nc1nc(Nc2ccccc2)nc3ccccc13)c4ccccc4,0.776,0,,0.1579
C(Nc1nn2c(cnc2s1)c3cccs3)C4CCOCC4,1.4,0,,
C[C@@]1(O)C[C@@H](C1)c2nc(c3ccc4ccc(nc4c3)c5ccccc5)c6c(N)nccn26,2,0,,
C[C@@H](C1)N[C@@]2(C(NC3=C2C=C(Cl)C=C3)=O)C4=C1C5=CC(F)=C(Cl)C=C5N4,0.00044,1,,
C[C@@H](C1)N[C@@]2(C(NC3=C2C=C(Cl)C=C3)=O)C4=C1C5=CC(F)=C(F)C=C5N4,,1,,
C[C@@H](CC1)N[C@@]2(C(NC3=C2C=C(Cl)C=C3)=O)C4=C1C5=CC=CC=C5N4,0.022,1,,
C[C@@H](N(C)c1ncc2c(N)nc(N)nc2n1)c3ccc4CCCCc4c3,,,,
C[C@@H](N1CCCC[C@@H]1c2ccc(OCc3cccc(F)c3)cc2)C(=O)N,,0,,
C[C@@H](N1CCCC[C@H]1c2ccc(OCc3cccc(F)c3)cc2)C(=O)N,2,0,,
C[C@@H]1[C@H]2[C@H](O)[C@H]3[C@H](N(C)C)C(=C(C(=O)N)C(=O)[C@@]3(O)C(=C2C(=O)c4c(O)cccc14)O)O,,,,
C[C@@H]1OC(=O)C[C@H](O)C[C@H](O)CC[C@@H](O)[C@H](O)C[C@H](O)C[C@]2(O)C[C@H](O)[C@H]([C@H](C[C@@H](O[C@@H]3O[C@H](C)[C@@H](O)[C@H](N)[C@@H]3O)\C=C\C=C\C=C\C=C\C=C\C=C\C=C\[C@H](C)[C@@H](O)[C@H]1C)O2)C(=O)O,,,,
C[C@H]1COc2c(N3CCN(C)CC3)c(F)cc4C(=O)C(=CN1c24)C(=O)O,,,,
C=1\NC(c2n(/C1/OCCc1cc(c(cc1)F)F)c(nn2)c1ccc(cc1)OC(F)F)=O,4.13,,,
C1(=NC(C)(Cc(cc(OC)c(OC)c2)c23)C)C3=NNC1=O,1.04,0,,1.578
C1(=NC(N(C)C2=O)=O)C2=NC(=NN1CC)c3ccc(C(=O)OC)cc3,0.693,0,,
c1(C#N)nc(Cc2cccc(cccc3)c23)oc1N(CC4)CCN4C(c5ccccc5)c6ccccc6,1.16,0,,
c1(C(c(cccn2)c2)N3CCC(CC3)Cc4ccccc4)c(C)c(C)sc1NC(=O)c5ccco5,1.02,0,,
C1(C(C=CC=C2)=C2[N]3)=C3C4(CCN(CC5=CC=C(OCCO6)C6=C5)CC4)OCC1,,,31,
c1(C(c2cccs2)N(CCN3c4ccccc4)CC3)c(C)c(C)sc1NC(c5ccccc5)=O,1.18,0,,
c1(c(ccn2)NCCN(CC)CC)c2cc(cccc3)c3c1,0.391,0,,0.02859
c1(c(cnn1c2cccc(C)c2)C(=O)N3)N=C3n4nc(C)cc4NC(=O)c5cc(cccc6)c6o5,0.929,0,,
c1(C(NCc2cncc3n2c(nn3)c2ccc(cc2)OC(F)F)=O)cc(ccc1)Cl,10,,,
c1(C(OCC)=O)c(cc(cc2)OC(=O)c(cc3OC)cc(OC)c3OC)c2n(c4ccccc4)c1C,0.615,0,,
C1(C2(CCN(CC3=CC=CC=C3)CC2)OCC4)=C4C=CS1,,,8,
c1(cc(Br)ccc1O)CN(CC2)CCN2Cc3cccc(F)c3,1.03,0,,1.3986
c1(cc(C)nc(ccc(OC)c2)c12)Nc3ccccc3O,0.686,0,,
c1(cc(c2ccc(C)cc2)n3)n3ccnc1SCC(=O)Nc(c(Cl)ccc4C(F)(F)F)c4,0.0928,0,,
c1(cc(c2ccc(OC)cc2)n3)n3ccnc1SCC(=O)Nc(c(Cl)ccc4C(F)(F)F)c4,0.0899,0,,
c1(cc(c2ccccc2)n3)n3ccnc1SCC(=O)Nc(c(Cl)ccc4C(F)(F)F)c4,0.218,0,,
C1(CC1)(C(Oc1cncc2n1c(nn2)c1ccc(cc1)OC(F)F)C(F)(F)F)c1ccc(c(c1)F)F,10,,,
c1(ccc2n(n1)c(nn2)c1ccc(cc1)C#N)NCCc1cnccc1,10,,,
c1(ccc2n(n1)c(nn2)c1ccc(cc1)OC(F)F)NCCc1ccc(cc1)F,0.5096,,,
c1(ccc2n(n1)c(nn2)c1ccc(cc1)OC(F)F)OCCc1cc(c(cc1)F)F,6.779,,,
c1(ccccc1)CCCc1cncc2n1c(nn2)c1ccc(cc1)OC(F)F,0.28,1,,
c1(ccccc1)CCCC1CNCc2n1c(nn2)c1ccc(cc1)OC(F)F,8.76,,,
c1(CCN2CCOCC2)cncc2n1c(nn2)c1ccc(cc1)OC(F)F,10,,,
C1(CCOC23CCN(C4CCCCC4)CC3)=C2C=CS1,,,15,
C1(CCOC23CCN(CC4=CC(OCCO5)=C5C=C4)CC3)=C2C=CS1,,,29,
C1(CCOC23CCN(CC4=CC(OCO5)=C5C=C4)CC3)=C2C=CS1,,,8,
C1(CCOC23CCN(CC4=CC=CC=C4)CC3)=C2C=CS1,,,18,
c1(Cl)c(ccc(Cl)c1)OCC(O)CNC(C)(C)CC(C)(C)C,1.16,0,,
C1(CN(C1)c1cc(c(cc1)F)F)Oc1cncc2n1c(nn2)c1ccc(cc1)OC(F)F,0.43,,,
c1(cnc(c2c1O)ccc(CC)c2)C(OCC)=O,0.351,0,,0.716
C1(COC1)(COc1cncc2n1c(nn2)c1ccc(cc1)OC(F)F)c1cc(c(cc1)F)F,0.4833,,,
C1(CSC2=NNC=N2)=CC=CC=C1,,,,
C1(N(C)N=O)=C(NC2CCCCC2)C(=O)c(cccc3)c3C1=O,1.19,0,,
c1(N(CC2)CCN2C)c3c(nc(Nc(ccc4O)cc4)n1)cccc3,1.43,0,,1.311606115
c1(Nc(cc2)ccc2N(CC3)CCN3C)c4c(ccc(OC)c4)ncc1C(OCC)=O,1.1,0,,0.79176297
c1(ncc2n(c1)c(nn2)c1ccc(cc1)OC(F)F)NC(Cc1cccc(c1)Cl)=O,10,0,,
c1(ncc2n(c1)c(nn2)c1ccc(cc1)OC(F)F)Nc1ccc(c(c1)F)F,10,,,
c1(ncc2n(c1)c(nn2)c1ccc(cc1)OC(F)F)NCc1cc(c(cc1)F)F,10,,,
c1(ncc2n(c1)c(nn2)c1ccc(cc1)OC(F)F)NCCc1ccc(cc1)F,10,0,,
c1(ncc2n(c1)c(nn2)c1ccc(cc1)OC(F)F)Oc1ccc(c(c1)F)F,3.446,,,
c1(ncc2n(c1)c(nn2)c1ccc(cc1)OC(F)F)OCc1cc(c(cc1)F)F,0.5207,,,
c1(ncc2n(c1)c(nn2)c1ccc(cc1)OC(F)F)OCCc1cc(c(cc1)F)F,0.03382,,,
C1(O)(CC(=O)c(ccc(OC)c2)c2O1)C(F)(F)C(F)(F)F,0.283,0,,0.442
c1(OCC)c(OC)cc(cc1Cl)CN([H])CC(O)c2ccccc2,1.05,0,,
c1(OCC)c(OCC)cc(cc1Cl)CN([H])C(C)C(O)c2ccccc2,1.24,0,,
c1(sc(cc2c(c3CC2)c4ccc3)c4n1)NC(=O)c(cc5OC)cc(OC)c5OC,0.898,0,,
c1[n+](cc2n(c1OCCc1cc(c(cc1)F)F)c(nn2)c1ccc(cc1)OC(F)F)[O-],4.01,,,
C12(Nc(cccc3)c3c4n1c5c(cccc5)n4)C(=O)Nc(ccc(OC)c6)c26,0.928,1,,
C12=C(C=C(C(=O)NCc(cccn3)c3)C(=N)N1CCc(cc4)ccc4OC)C(=O)N(C=CC=C5C)C5=N2,0.373,0,,1.398614208
C12=C(c3c(cccc3)C1=O)Nc4c(cccc4)SC2c5ccccc5,0.89,0,,
C12=C(N=CN(CCCN(C)C)C1=N)Oc3c(ccc(cccc4)c34)C2c5ccc(OC)cc5,1.23,0,,
C12=C(N=CN(CCCn(ccn3)c3)C1=N)Oc4c(ccc(cccc5)c45)C2c6ccc(OC)c(OC)c6,1.79,0,,
C12=CC=CC=C1C3=C(C4(CCN(CC5=CC=CC=C5)CC4)OCC3)N2,1.033,,55,
C12=CC=CC=C1C3=C(C4(CCN(CC5=CC=CC=C5)CC4)OCC3)S2,,,23,
C12=CC=CC=C1C3=C(C4(CCNCC4)OCC3)[N]2,,,20,
C12=NN=C(C3=CC(C=CC=C4)=C4C=C3)N1C(OCC5=NC=CC=C5)=CN=C2,10,,,
C12=NN=C(C3=CC(C=CC=C4)=C4C=C3)N1C(OCCC5=CC=CC=C5)=CN=C2,0.415,,,
C12=NN=C(C3=CC(OCO4)=C4C=C3)N1C(OCC5=NC=CC=C5)=CN=C2,10,,,
C12=NN=C(C3=CC(OCO4)=C4C=C3)N1C(OCCC5=CC=CC=C5)=CN=C2,1.014,,,
C12=NN=C(C3=CC=CC=C3)N1C(OCCC4=CC=CC=C4)=CN=C2,1.599,,,
c12c(C(=O)N(C)C(=O)N1C)n(Cc3cccc(OC)c3)c(Oc4ccccc4)n2,1.39,0,,
c12c(CC(C(O)=O)NC1c3ccc(Cl)cc3Cl)c4c(cccc4)[nH]2,0.35,0,,0.987739767
c12c(nc(c3ccc(OC)cc3)nc1N4CCN(C(=O)C5CCCCC5)CC4)sc(CCCC6)c26,1.06,0,,
c12c(ncnc1N(CC3)CCN3C)c4c(ccc(Cl)c4)[nH]2,1.19,0,,
c12c(ncnc1NCCCN(CC3)CCO3)c4c(ccc(Cl)c4)[nH]2,0.7,0,,0.1089
c12c(ncnc1NCCN(CC)CC)c3c(ccc(Br)c3)[nH]2,0.707,0,,0.288
c12c(ncnc1NCCN(CC)CC)c3c(ccc(Cl)c3)[nH]2,0.406,0,,
c1c(c(c(cc1)C(F)(F)F)Cl)CNC(c1cncc2n1c(nn2)c1ccc(cc1)OC(F)F)=O,0.309,1,,
c1c(c(ccc1Cl)Cl)CNC(c1cncc2n1c(nn2)c1ccc(cc1)OC(F)F)=O,0.3321,,,
c1c(ccc(c1F)F)CNC(c1cncc2n1c(nn2)c1ccc(cc1)OC(F)F)=O,0.28,,,
c1cc(cc2c1n(cc2)C)Oc1cncc2n1c(nn2)c1ccc(cc1)OC(F)F,1.983,,,
C1CC(CCO1)c2cc(n[nH]2)c3ccc(Oc4ccccc4)cc3,,,,
c1ccc(cc1)C2=Nc3ccccc3N=C(c4ccccc4)c5ccccc25,0.6615,0,,0.678
c1ccc(cc1)c2ccc(cc2)c3nc4ccccc4[nH]3,1.07,0,,0.809019272
C1CCC(CC1)Nc2cc(nc(n2)c3ccccn3)C4CC4,,,,
C1CCN(C1)C(c2ccccn2)c3c([nH]c4ccccc34)c5ccccc5,,,,
C1CCN(CC1)c2cc(nc3ccccc23)c4ccccn4,2,0,,
C1CN(CCN1)c2cc(n[nH]2)c3ccc(Oc4ccccc4)cc3,,,,
C1CN(CCO1)c2cc(n[nH]2)c3ccc(Oc4ccccc4)cc3,,,,
C1CN(CCO1)c2ccc(Nc3ccnc4cc5ccccc5cc34)cc2,0.251,0,,0.672
C1CN=C(N1)c2ccc(cc2)c3cc(on3)c4cccc(c4)C5=NCCN5,,,,
C1N(Cc2n(C1)c(nn2)c1ccc(cc1)OC(F)F)C(CN)=O,10,,,
c1nc(c2n(c1OCCc1cc(c(cc1)F)F)c(nn2)c1ccc(cc1)OC(F)F)C,6.92,,,
c1nc(c2n(c1OCCc1cc(c(cc1)F)F)c(nn2)c1ccc(cc1)OC(F)F)Cl,0.16,,,
c1nc(c2n(c1OCCc1cc(c(cc1)F)F)c(nn2)c1ccc(cc1)OC(F)F)N,10,,,
c1nc(c2n(c1OCCc1cc(c(cc1)F)F)c(nn2)c1ccc(cc1)OC(F)F)N(CC)CC,6.86,,,
c1ncc2cnc(n2c1OCCc1cc(c(cc1)F)F)c1ccc(cc1)Cl,0.83,,,
C1NCc2n(C1)c(nn2)c1ccc(cc1)OC(F)F,10,,,
c1ncc2n(c1C(=O)N(Cc1cc(ccc1)Cl)C)c(nn2)c1ccc(cc1)OC(F)F,1.06,,,
c1ncc2n(c1C(=O)N[C@@H](c1ccccc1)C)c(nn2)c1ccc(cc1)OC(F)F,1.36,,,
c1ncc2n(c1C(=O)N[C@H](c1ccccc1)C)c(nn2)c1ccc(cc1)OC(F)F,1.6,,,
c1ncc2n(c1C(=O)N1CCc3c1ccc(c3)F)c(nn2)c1ccc(cc1)OC(F)F,10,,,
c1ncc2n(c1C(=O)Nc1ccc(cc1Cl)F)c(nn2)c1ccc(cc1)OC(F)F,5.576,,,
c1ncc2n(c1C(=O)NC1CCc3c1ccc(c3)Cl)c(nn2)c1ccc(cc1)OC(F)F,0.5468,,,
c1ncc2n(c1C(=O)Nc1ccnc(c1)C(F)(F)F)c(nn2)c1c(nn(c1C)c1ccc(cc1)F)C,10,,,
c1ncc2n(c1C(=O)NCCc1ccccc1)c(nn2)c1ccc(cc1)OC(F)F,3.17,,,
c1ncc2n(c1C(N1C(CCC1)c1ccccc1)=O)c(nn2)c1ccc(cc1)OC(F)F,3.56,,,
c1ncc2n(c1C(N1CCCC1)=O)c(nn2)c1ccc(cc1)OC(F)F,10,,,
c1ncc2n(c1C(N1CCN(CC1)c1ncccc1)=O)c(nn2)c1ccc(cc1)OC(F)F,10,,,
c1ncc2n(c1C(N1CCN(CC1)S(=O)(C)=O)=O)c(nn2)c1ccc(cc1)OC(F)F,10,,,
c1ncc2n(c1C(N1CCOCC1)=O)c(nn2)c1ccc(cc1)OC(F)F,10,,,
c1ncc2n(c1C(Nc1cccc(c1)Cl)=O)c(nn2)c1ccc(cc1)OC(F)F,0.211,1,99.99,
c1ncc2n(c1C(Nc1ncccc1)=O)c(nn2)c1ccc(cc1)OC(F)F,10,,,
c1ncc2n(c1C(NCc1cc(ccc1)Cl)=O)c(nn2)c1ccc(cc1)OC(F)F,0.25,,,
c1ncc2n(c1C(NCc1ccc(cc1)Cl)=O)c(nn2)c1ccc(cc1)OC(F)F,1.34,,,
c1ncc2n(c1C(NCc1ccccc1Cl)=O)c(nn2)c1ccc(cc1)OC(F)F,0.38,,,
c1ncc2n(c1C(NCC1CCOCC1)=O)c(nn2)c1ccc(cc1)OC(F)F,10,,,
c1ncc2n(c1C(NCCN1CCOCC1)=O)c(nn2)c1ccc(cc1)OC(F)F,10,,,
c1ncc2n(c1CCCc1cc(c(cc1)F)F)c(nn2)c1ccc(cc1)OC(F)F,0.32,,,
c1ncc2n(c1CCN1Cc3c(C1)cccc3)c(nn2)c1ccc(cc1)OC(F)F,10,,,
C1NCc2n(C1CCO)c(nn2)c1ccc(cc1)OC(F)F,8.37,,,
c1ncc2n(c1CCO)c(nn2)c1ccc(cc1)OC(F)F,10,,,
c1ncc2n(c1COCc1cc(c(cc1)F)F)c(nn2)c1ccc(cc1)OC(F)F,0.36,1,,
c1ncc2n(c1N[C@H](c1cc(c(cc1)F)F)CO)c(nn2)c1ccc(cc1)OC(F)F,0.5697,,,
c1ncc2n(c1N1CCC(C1)c1ccccc1)c(nn2)c1ccc(cc1)OC(F)F,2,,,
c1ncc2n(c1n1ccnc1Cc1cc(c(cc1)F)F)c(nn2)c1ccc(cc1)OC(F)F,10,,,
c1ncc2n(c1n1ncc(c1)c1cc(c(cc1)F)F)c(nn2)c1ccc(cc1)OC(F)F,6.721,,,
c1ncc2n(c1Nc1ccc(c(c1)Cl)Cl)c(nn2)c1ccc(cc1)OC(F)F,9.635,,,
c1ncc2n(c1OC[C@@H](c1cc(c(cc1)F)F)N)c(nn2)c1ccc(cc1)OC(F)F,0.2785,,,
c1ncc2n(c1Oc1cc(c(cc1)Cl)C(F)(F)F)c(nn2)c1ccc(cc1)OC(F)F,0.5973,,,
c1ncc2n(c1Oc1cc(c(cc1)Cl)Cl)c(nn2)c1ccc(cc1)OC(F)F,0.4551,,,
c1ncc2n(c1Oc1cc3c(cc1)ccc(n3)C(F)(F)F)c(nn2)c1ccc(cc1)OC(F)F,1.629,,,
c1ncc2n(c1Oc1cc3c(cc1)cccc3)c(nn2)c1ccc(cc1)OC(F)F,0.1147,,,
c1ncc2n(c1Oc1cc3c(cc1)CCCC3)c(nn2)c1ccc(cc1)OC(F)F,2.581,,,
c1ncc2n(c1Oc1cc3nc(ccc3cc1)OC)c(nn2)c1ccc(cc1)OC(F)F,1.67,,,
c1ncc2n(c1Oc1ccc(c(c1)Cl)Cl)c(nn2)c1c(n(nc1C)c1ccc(cc1)F)C,10,,,
c1ncc2n(c1Oc1ccc(cc1)C(C)(C)C)c(nn2)c1ccc(cc1)OC(F)F,0.738,,,
c1ncc2n(c1Oc1ccc(cc1)C(F)(F)F)c(nn2)c1ccc(cc1)OC(F)F,0.3829,,,
c1ncc2n(c1Oc1ccc(cc1)Cl)c(nn2)c1ccc(cc1)OC(F)F,2.96,,,
c1ncc2n(c1Oc1ccc(cc1)S(F)(F)(F)(F)F)c(nn2)c1ccc(cc1)OC(F)F,0.2627,,,
c1ncc2n(c1Oc1ccc/3c(c1)OC(/C=C3/C)(C)C)c(nn2)c1ccc(cc1)OC(F)F,1.822,,,
c1ncc2n(c1Oc1ccc3c(c1)cc(c(c3)F)F)c(nn2)c1ccc(cc1)OC(F)F,0.8392,,,
c1ncc2n(c1Oc1ccc3c(c1)cc(cc3F)F)c(nn2)c1ccc(cc1)OC(F)F,0.1734,,,
c1ncc2n(c1Oc1ccc3c(c1)cnc(n3)C(F)(F)F)c(nn2)c1ccc(cc1)OC(F)F,2.025,,,
c1ncc2n(c1Oc1ccc3c(c1)n(nc3)C)c(nn2)c1ccc(cc1)OC(F)F,10,,,
c1ncc2n(c1Oc1ccc3c(c1)nn(c3)C)c(nn2)c1ccc(cc1)OC(F)F,6.203,,,
c1ncc2n(c1Oc1ccc3c(c1)onc3C)c(nn2)c1ccc(cc1)OC(F)F,1.928,,,
c1ncc2n(c1Oc1ccc3c(c1)scc3)c(nn2)c1ccc(cc1)OC(F)F,0.5764,,,
c1ncc2n(c1Oc1cccc(c1)Cl)c(nn2)c1ccc(cc1)OC(F)F,3.066,,,
c1ncc2n(c1Oc1cccc(c1)Oc1ccccn1)c(nn2)c1ccc(cc1)OC(F)F,6.038,,,
c1ncc2n(c1OCC(c1cc(c(cc1)F)F)CO)c(nn2)c1ccc(cc1)OC(F)F,0.02432,,,
c1ncc2n(c1OCC(c1cc(c(cc1)F)F)N1CCOCC1)c(nn2)c1ccc(cc1)OC(F)F,0.6133,,,
c1ncc2n(c1OCC(F)(F)F)c(nn2)c1c(n(nc1C)c1ccc(cc1)F)C,10,,,
c1ncc2n(c1OCC(F)(F)F)c(nn2)c1ccc(cc1)OC(F)F,10,0,,
c1ncc2n(c1OCC1CCc3c1ccc(c3)Cl)c(nn2)c1ccc(cc1)OC(F)F,1.459,,,
c1ncc2n(c1OCCc1cc(c(cc1)F)F)c(cn2)c1ccc(cc1)Cl,0.11,,,
c1ncc2n(c1OCCc1cc(c(cc1)F)F)c(nn2)C1CCN(CC1)C(C)=O,10,,,
c1ncc2n(c1OCCc1cc(c(cc1)F)F)c(nn2)C1CCOCC1,10,,,
c1ncc2n(c1OCCc1cc(c(cc1)F)F)c(nn2)N1Cc2c(C1)cccc2,0.47,,,
c1ncc2n(c1OCCc1cc(c(cc1)F)F)c(nn2)N1CCCCC1,2.63,,,
c1ncc2n(c1OCCc1cc(c(cc1)F)F)c(nn2)Nc1cc(c(cc1)F)F,0.85,,,
c1ncc2nnc(n2c1C(Nc1ccc(c(c1)F)F)=O)c1ccc(cc1)OC(F)F,0.65,,,
c1ncc2nnc(n2c1C(Nc1ccc(cc1)F)=O)c1ccc(cc1)OC(F)F,3.74,,,
c1ncc2nnc(n2c1OCc1cccc2c1cccc2)c1ccc(cc1)OC(F)F,1.668,,,
c1ncc2nnc(n2c1OCCc1ccc(c(c1)F)F)N1CCc2c1ccc(c2)F,2.05,,,
CC(=CCC\C(=C/CNCCNC1C2CC3CC(CC1C3)C2)\C)C,,,,
CC(=CCN1CCC(CC1)C(=O)Nc2ccc(cc2)c3nc4ccccc4[nH]3)C,1.16,0,,1.103586015
CC(=O)c1ccc(NC(=O)CSc2nc(ns2)c3ccccc3Cl)cc1,,1,,1.12564745
CC(=O)c1sc(NC(=O)Nc2ccc(C)cc2C)nc1C,0.536,0,,0.906196274
CC(=O)N(CCN(C(=O)c1ccc(F)cc1)c2ccccc2)c3ccccc3,,,,
CC(=O)N1CCc2cc3nc(C)cc(C)c3cc12,,,,
CC(=O)N1CCN(CC1)c1ccc(Oc2ccc(Cl)cc2O)cc1,,,,
CC(=O)NC[C@@H]1CN(C(=O)O1)c2ccc(N3CCOCC3)c(F)c2,,,,
CC(=O)NC[C@H]1CN(C(=O)O1)c2ccc(N3CCSCC3)c(F)c2,,,,
CC(=O)Nc1ccc(NC(=O)c2cc([nH]n2)c3cc(Cl)ccc3O)cc1,0.4,0,,
CC(=O)Nc1nnc(SCc2c(C)cc(cc2C)C(C)(C)C)s1,0.871,0,,0.704454111
CC(=O)NCC1CN(C(=O)O1)c2ccc(c(F)c2)c3ccc(CNCc4cn[nH]n4)cc3,,,,
CC(=O)NCC1CN(C(=O)O1)c2ccc(c(F)c2)c3ccc(CO)cc3,,,,
CC(=O)Oc1ccccc1C(=O)Nc2ncc(s2)[N+](=O)[O-],,,,
CC(C(=O)Nc1ccc2oc(nc2c1)-c1ccncc1)c1ccccc1,,,,
CC(C(SC1=NC=CC=N1)=C2C)=NN2C(NC3=CC=CC(C(F)(F)F)=C3)=O,,,,
CC(C)(C(=O)Nc1ccc(F)cc1)n2cc(cn2)c3ccccc3F,,,,
CC(C)(C)C(=O)N(CCCCCCN1C[C@H](O)[C@@H](O)[C@H](O)[C@H]1CO)C2CCCCCC2,,,,
CC(C)(C)C(=O)Nc1ccc(cc1)C(=O)Nc2cccc(c2)c3nc4ccccc4[nH]3,,0,,0.281735117
CC(C)(C)C(O)C(Oc1ccc(cc1)c2ccccc2)n3cncn3,,,,
CC(C)(C)c1cc(C(=O)N2CCN(CC2)c3nccnc3C#N)n(Cc4ccccc4)n1,0.6,0,,
CC(C)(C)c1cc(cc(c1)C(=O)Nc2cccnc2)C(=O)Nc3cccnc3,0.9,0,,
CC(C)(C)c1ccc(cc1)C(=O)Nc2c3CSCc3nn2c4cccc(Cl)c4,,0,,15
CC(C)(C)c1ccc(cc1)C(=O)Nc2nc3ccccc3s2,,0,,15
CC(C)(C)c1ccc(cc1)C2CC(=C3C(N(C(=O)c4ccccc4Cl)c5ccccc5N=C3C2)c6ccc(F)cc6)O,0.9465,0,,2.63
CC(C)(C)c1ccc(N[C@@H]2CCCC[C@H]2NC(=O)c3occc3)cc1,,,,
CC(C)(C)c1ccc(O)c(CNC2CCCCC2)c1,0.161,0,,0.257239497
CC(C)(C)c1ccc2OCN(Cc3ccc(Cl)cc3)Cc2c1,0.362,0,,0.2551
CC(C)(C)c1cnc(NC(=O)c2ccccc2O)s1,,,,
CC(C)(C)CC(C)(C)NCC(O)COc1ccc2CCCc2c1,,0,,4.4176
CC(C)(C)CN1C(=NC(C1=O)(c2ccccc2)c3ccccc3)N,0.8,0,,
CC(C)(C)n1nc(-c2ccccc2)c2c(N)ncnc12,,,,
CC(C)(C)n1nc(Cc2ccc(F)c(Cl)c2)c2c(N)ncnc12,,,,
CC(C)(C)n1nc(Cc2cccc3ccccc23)c4c(N)ncnc14,,,,
CC(C)(C)OC(=O)N1CCC(Cn2nc(-c3cnc4ccccc4c3)c3c(N)ncnc23)CC1,,,,
CC(C)(C)OC(=O)N1CCN(CC1)c2cc(n[nH]2)c3ccc(Oc4ccccc4)cc3,,,,
CC(C)(C)OC(=O)N1CCN(CC1)c2nccc(n2)c3ccc(s3)c4ccc(Cl)cc4,,,,
CC(C)(CN)c1nc(c2ccc(Cl)c(O)c2)c([nH]1)c3ccnc(N)n3,0.4,0,,
CC(C)C(C(=O)Nc1ccc(cc1)S(=O)(=O)N(C)C)c2ccc(Cl)cc2,0.9,1,,
CC(C)C(NC(=O)Cc1cccc2ccccc12)C(=O)Nc3cccc(c3)C#N,1,0,,
CC(C)C(Oc1cccc2ccccc12)C(=O)O,,,,
CC(C)c1ccc(Cn2c(CCNC(=O)C)nc3ccccc23)cc1,1.79,1,,0.764
CC(C)c1ccc(CNCC(O)c2ccccc2)cc1,1.26,0,,1.3455
CC(C)c1ccc(NC(=O)COC2=CC(=C(C#N)C(=O)N2C)C)cc1,,,,
CC(C)c1ncc(c2ccncc2)c(n1)[C@@H]3CC[C@@H](CNC(=O)c4cccnc4)CC3,0.8,0,,
CC(C)CCNCC(O)Cn1c2ccccc2c3ccccc13,0.473,0,,0.2009
CC(C)CN1C(C(C(=O)Nc2cc(C)on2)c3ccccc3C1=O)c4cccs4,0.0328,1,,0.0856
CC(C)CN1CCC(CC1)N(C)c2cc(NC(=O)c3cccc(C)c3)ccn2,2.1,0,,
CC(C)CNc1cc(nc2c([nH]nc12)-c1ccccc1)C,1.4,0,,
CC(C)CNS(=O)(=O)c1ccc(CCC(=O)Nc2ccc(Cl)cc2C)cc1,,,,
CC(C)N(Cc1ccccc1)S(=O)(=O)c2ccc(cc2)C(=O)Nc3cc(C)on3,1,0,,
CC(C)N(Cc1ccccn1)Cc2csc(n2)c3oc(C)cc3,2,0,,
CC(C)N=C1C=C2N(c3ccc(Cl)cc3)c4ccccc4N=C2C=C1Nc5ccc(Cl)cc5,,,,
CC(C)n1c(C)ncc1c2ccnc(Nc3ccc(cc3)S(=O)(=O)C)n2,,,,
CC(C)n1nc(-c2cc3c(Cl)cccc3[nH]2)c2c(N)ncnc12,,,,
CC(C)n1ncc2c(cc(nc12)c3ccccc3)C(=O)NCC(N4CCOCC4)c5cccs5,,,,
CC(C)NCC(=O)Nc1cccc(c1)C(=O)Nc2cccc(c2)C(F)(F)F,0.3,0,,
CC(C)OCc1cc(CN2CCN(CC2)c3cccc(Cl)c3)c(O)c4ncccc14,0.697,0,,0.9409
CC(CCC(=C)C)N1CCC(CC1)N2CCC(CC2)C(=O)NCCc3ccccc3,1.75,0,,4.2594
CC(N(C)c1ncc2c(N)nc(N)nc2n1)c3cc(Cl)cc(Cl)c3,,,,
CC(N1C2=CC(F)=CC=C2)=CC(/C=C(C(N/3C4=CC=CC=C4)=O)\SC3=N/C5=CC=CC=C5)=C1C,4.1,,,
CC(N1C2=CC=C(C(F)(F)F)C=C2)=C(/C=C(C(N/3C4CCCC4)=O)\SC3=N/C5=CC=CC=C5)C=C1C,0.276666667,,,
CC(N1C2=CC=C(C(F)(F)F)C=C2)=C(/C=C(C(N/3CC#N)=O)\SC3=N/C4=CC=CC=C4)C=C1C,50,,,
CC(N1C2=CC=C(C(F)(F)F)C=C2)=C(/C=C3SC(N(CC#N)C4=CC=CC=C4)=NC\3=O)C=C1C,50,,,
CC(N1C2=CC=C(C(F)(F)F)C=C2)=CC(/C=C(C(N/3C4=CC=CC=C4)=O)\SC3=N/C5=CC=CC=C5)=C1C,0.303666667,,,
CC(N1C2=CC=C(C(F)(F)F)C=C2)=CC(C(O)=O)=C1C,50,,,
CC(N1C2=CC=C(F)C=C2)=C(C(CCC(N)=O)=O)C=C1C,50,,,
CC(N1C2=CC=C(F)C=C2)=C(C(O)=O)C=C1C,50,0,,
CC(N1C2=CC=C(F)C=C2)=C(C(OC(C)C(N)=O)=O)C=C1C,11,,,
CC(N1C2=CC=C(F)C=C2)=CC(C(NCC(N)=O)=O)=C1C,50,,,
CC(N1C2=CC=C(F)C=C2)=CC(C(OCC(NC(C3=O)=C(N(N3C4=CC=CC=C4)C)C)=O)=O)=C1C,0.28225,,,
CC(N1C2=CC=CC=C2)=CC(C(O)=O)=C1C,50,,,
CC(N1C2=CC=CC=C2)=CC(C=O)=C1C,50,,,
CC(N1CCN(CC1)S(=O)(=O)c2ccc(cc2)C(C)(C)C)C(=O)N3CCCC3,0.9,0,,
CC(Nc1cc(Cl)ccc1N2CCOCC2)C(=O)N3CCCC(C)C3,0.5,0,,
CC(Nc1nncc(n1)c2ccc(cc2)C(F)(F)F)c3cn(C)nc3C,0.1,0,,
CC(NCc1ccccc1)c2cc(Cl)ccc2O,0.603,0,,0.592
CC(O)(C(CN1CCCCC1)c2ccccc2)c3ccc(Cl)cc3,,0,,0.9157
CC(Oc1ccc(NC(=O)c2cccs2)cc1)C(=O)c3ccc(Cl)cc3,1.03,0,,0.77431091
CC(Oc1cccc(Cl)c1)C(=O)Nc1ccc2oc(nc2c1)-c1ccncc1,,,,
CC(Oc1ccccc1)C(=O)Nc2nc(cs2)c3ccccn3,,,,
CC[C@@H]([C@H](C)O)N1N=CN(C1=O)c2ccc(cc2)N3CCN(CC3)c4ccc(OC[C@@H]5CO[C@](Cn6cncn6)(C5)c7ccc(F)cc7F)cc4,,,,
CC[C@H](CO)NCCN[C@H](CC)CO,,,,
CC1(C)Cc2c(CO1)c(nc3snc(Br)c23)N4CCOCC4,0.3,0,,
CC1(C)OB(O)c2ccc(cc12)C3=NOC(C3)(c4cc(Cl)c(F)c(Cl)c4)C(F)(F)F,,,,
CC1(COc2ccc(cc2)N3CCC(CC3)Oc4ccc(OC(F)(F)F)cc4)Cn5cc(nc5O1)N(=O)=O,,,,
Cc1[nH]c(cc1C(=O)NC2CCN(Cc3ccccc3)CC2)c4ccc(F)cc4,0.771,0,,1.129950484
CC1=C(/C=C2S/C(NC\2=O)=N\C3=CC=CC=C3)C=C(C)N1C4=CC(C(F)(F)F)=CC(C(F)(F)F)=C4,0.034,,,
CC1=C(/C=C2S/C(NC\2=O)=N\C3=CC=CC=C3)C=C(C)N1C4=CC=C(C)C=C4,0.067,,,
CC1=C(/C=C2S/C(NC\2=O)=N\C3=CC=CC=C3)C=C(C)N1C4=CC=CC=C4,0.025,0,,
CC1=C(/C=C2S/C(NC\2=O)=N\C3=CC=CC=C3)C=C(C)N1C4=NC=CC=C4,0.277,0,,
CC1=C(C(=O)c2c(F)cc(F)cc2N1)c3ccc(Oc4ccc(OC(F)(F)F)cc4)cc3,,,,
CC1=C(C(N(C(C(OC)=O)CO)[H])=O)C=NN1C2=CC=CC=C2,,,,
CC1=C(C(O)=O)C=NN1C2=CC=CC=C2,,,,
CC1=C(C(OCC)=O)C=NN1C2=CC=CC=C2,,,,
CC1=C(C)C(NC(N2N=C(C)C=C2NC(C3=CC=C(S(=O)(N(CC)CC)=O)C=C3)=O)=N1)=O,,,,
CC1=C(C=C(C)N1C2=CC=C(F)C=C2)CN(CC3)CCC43C5=C(SC=C5)CCO4,,,26,
CC1=C(C=O)C=C(C)N1C2=CC(C(F)(F)F)=CC(C(F)(F)F)=C2,,,,
CC1=C(C=O)C=C(C)N1C2=CC=C(C(F)(F)F)C=C2,,,,
CC1=C(C=O)C=C(C)N1C2=CC=C(C(OCC)=O)C=C2,,,,
CC1=C(C=O)C=C(C)N1C2=CC=CC=N2,,,,
CC1=C(CC(=O)c2cccc(c2)[N+](=O)[O-])C(=O)c3ccccc3C1=O,0.381,0,,2.844
CC1=C(CCC(=O)O)C(=O)Oc2c(C)c(OCc3cc(C)cc(C)c3)ccc12,,,,
CC1=C(F)C=CC=C1CN2CCCC(CC3=NC(C4=CC=C(NC(C)=O)C=C4)=NO3)C2,,,,
CC1=CC(/C=C(C(N/2)=O)\SC2=N/C3=CC=CC=C3)=C(C)N1C(C=C4)=CC=C4C(F)(F)F,0.078666667,,,
CC1=CC(/C=C(S/2)/C(NC2=N\C3=CC=CC=C3)=O)=C(C)N1C4=CC=C(N)C=C4,2.3,,,
CC1=CC(=C(C)[N]1C2=CC=C(C=C2)Br)C(N(C)CC(=NC)O)=O,50,,,
CC1=CC(=C(C)[N]1C2=CC=C(C=C2)Cl)CNC3CCN(CC3)CC(=NC)O,14.7,,,
CC1=CC(=C(C)[N]1C2=CC=C(C=C2)F)C(=O)OCC(=NC)O,9.4,,,
CC1=CC(=C(C)[N]1C2=CC=C(C=C2)F)C(=O)OCC(N(C)C)=O,11.3,,,
CC1=CC(=C(C)[N]1C2=CC=CC=C2)C(=NCC(N(C)C)=O)O,50,,,
CC1=CC(=C(C)[N]1C2=CC=CC=C2)C(N3CCN=C(C3)O)=O,50,,,
CC1=CC(=C(C)[N]1C2=CC=CC=C2)C3=NN=C(O3)SCC(=NC4=CC(=CC=C4)OC)O,50,,,
CC1=CC(=CC=C1)[N]2C(=CC(=C2C)C(N(C)CC(N=C3C=C(C)ON3)=O)=O)C,50,,,
CC1=CC(=O)Oc2c1ccc3oc(C(=O)c4ccc(C)cc4)c(C)c23,0.906,0,,1.026892859
CC1=CC(=O)Oc2c1ccc3oc(C(=O)c4ccccc4)c(C)c23,,0,,0.441
CC1=CC(C=O)=C(C)N1C1=CC=C(F)C=C1,50,,,
CC1=CC=C(C)N1C2=CC(C(F)(F)F)=CC(C(F)(F)F)=C2,,,,
CC1=CC=C(C)N1C2=CC(OC)=CC=C2,,,,
CC1=CC=C(C)N1C2=CC=C([N+]([O-])=O)C=C2,,,,
CC1=CC=C(C)N1C2=CC=C(C#N)C=C2,,,,
CC1=CC=C(C)N1C2=CC=C(C(F)(F)F)C=C2,,,,
CC1=CC=C(C)N1C2=CC=C(C(OCC)=O)C=C2,,,,
CC1=CC=C(C)N1C2=CC=C(C)C=C2,,,,
CC1=CC=C(C)N1C2=CC=C(OC)C=C2,,,,
CC1=CC=C(C)N1C2=CC=C(S(=O)(N)=O)C=C2,,,,
CC1=CC=C(C)N1C2=CC=CC=C2,,,,
CC1=CC=C(C)N1C2=CC=CC=N2,,,,
CC1=CC=C(N2C(C)=C(C(O)=O)C=C2C)C=C1,50,,,
CC1=CC=C(N2C(C)=C(C=O)C=C2C)C=C1,50,,,
CC1=NC2=NC=CN2C(NC3=CC=C(C(F)(F)F)C=C3)=C1,0.4,0,,
CC1=Nc2ccc(Cl)cc2C(O)(N1CCN3CCCCC3)c4ccc(C)cc4,,,,
CC1=NN(C(=O)C1Cc2cccc3ccccc23)c4nc5ccccc5s4,,,,
Cc1c(C)n(Cc2ccc(F)cc2)c3ccc(cc13)C(=O)NCc4occc4,,0,,0.0782
Cc1cc(C)c2cc([nH]c2c1)C(=O)NC3CCCCCCC3,,,,
Cc1cc(C)c2CN(Cc3ccccc3Cl)COc2c1,0.268,0,,0.1918
Cc1cc(C)c2nc(sc2c1)N3CCC(CC3)C(=O)NCCCN4CCC(CC4)N5CCCCC5,0.697,0,,0.837578346
CC1CC(C)CN(C1)C(=O)c2ccc(Cl)cc2Cl,0.7555,0,,1.3211
Cc1cc(C)n(n1)c2ccc(NC(=O)C3CCN(Cc4cnc(C)s4)CC3)cc2,0.8,0,,
Cc1cc(C)n2nc(nc2n1)C(=O)Nc3cc(ccc3N4CCOCC4)C(F)(F)F,0.2,0,,
Cc1cc(C)nc(n1)n2nc(C)cc2Nc3ccccc3,2,0,,
Cc1cc(C=C2SC(=Nc3ccccc3)N(C4CCCC4)C2=O)c(C)n1c5ccc(Cl)cc5,0.263,0,,0.876429412
Cc1cc(ccc1C(=O)NCc2ccc3B(O)OC(C)(C)c3c2)C4=NOC(C4)(c5cc(Cl)c(F)c(Cl)c5)C(F)(F)F,,,,
Cc1cc(Cl)c(cc1OCC(=O)NC2CCCCC2)S(=O)(=O)N3CCCC3,0.3,0,,
Cc1cc(NC(=O)c2ccc(Oc3ccc(Cl)cc3O)o2)no1,,,,
Cc1cc(Nc2ccc(C)c(Cl)c2)n3nc(nc3n1)C(F)(F)F,0.00671,0,,0.015802193
Cc1cc(Nc2ccc(OCc3ccccc3)cc2)nc4cc(O)ccc14,0.684,0,,0.0736
Cc1cc(Nc2cccc(F)c2)nc(NCc3ccccc3)n1,0.662,0,,0.0722
Cc1cc(Nc2ccncc2)n3nc(C)c(c4ccccc4Cl)c3n1,0.6,0,,
Cc1cc(NCCc2ccccc2)nc(NC(=N)Nc3ccc(Cl)cc3)n1,,,,
Cc1cc(NCCN2CCCCC2)c3ccc4ccccc4c3n1,0.3,0,,0.0441
Cc1cc(O)nc(n1)n2nc(C)cc2C,,,,
Cc1cc(OCC(=O)NCc2ccccc2)c3cc(Br)ccc3n1,,,,
CC1CC1C(=O)NC2CCN(CC3(CCCCC3)c4ccccc4)CC2,0.6,0,,
CC1CC2=C(CC1CNCCCN(C)C)C(C)(C)CCC2,1.005,0,,0.2497
Cc1cc2ccccc2n1CC(=O)N3CC(Oc4ccccc34)C(=O)N5CCCCC5,1.1,1,,
Cc1cc2nc(NC(=O)C(C)(C)C)nc(Cl)c2n1Cc1ccc(Cl)cc1,,,,
Cc1ccc(c(O)c1)c2cc([nH]n2)C(=O)Nc3ccc(cc3)S(=O)(=O)N4CCCCC4,0.535,0,,1.765451986
Cc1ccc(C)c(c1)c2csc(Nc3ccc(C)c(C)c3)n2,,0,,0.493
Cc1ccc(C)c(Cn2c(nc3ccccc23)N4CCC(CC4)C(=O)NCc5cccs5)c1,1.33,0,,0.937906474
Cc1ccc(cc1)-c1cc(c2cc(ccc2n1)Br)C(=O)Nc1cccnc1,0.1,0,,
Cc1ccc(cc1)C2CC(n3nc(cc3N2)C(=O)N4CCN(CC4)C(c5ccccc5)c6ccccc6)C(F)(F)F,0.454,0,,0.6684
Cc1ccc(cc1)c2cc3C(=O)c4ccccc4c3nn2,0.0944,0,,1.998
Cc1ccc(cc1)c2cc3nc4CCCCc4c(O)n3n2,0.396,0,,1.603
Cc1ccc(cc1)N2C(=O)C3C(C2=O)C4(C(=O)C3(C(=C4c5ccccc5)c6ccccc6)c7ccccc7)c8ccccc8,0.282,0,,0.868968102
Cc1ccc(cc1)N2C3N(c4ccccc4C2N(c5ccccc35)S(=O)(=O)c6ccc(C)cc6)S(=O)(=O)c7ccc(C)cc7,0.0248,0,,0.72
Cc1ccc(cc1)S(=O)(=O)c2c(COC(=O)c3cccc(C)c3)c(nn2C)c4ccccc4,,0,,8.4
Cc1ccc(cc1)S(=O)(=O)n2cc(c3ccnc(N)c3)c4cc(Br)cnc24,0.6,0,,
Cc1ccc(cc1)S(=O)(=O)N2CCN(CC2)C(=O)c3cc([nH]n3)c4ccccc4,1,0,,
Cc1ccc(cc1NC(=O)c2cccc(NC(=O)Nc3cccc(c3)C(=O)Nc4cc(ccc4C)C(=O)Nc5ccc(c6cc(cc(c56)S(=O)(=O)O)S(=O)(=O)O)S(=O)(=O)O)c2)C(=O)Nc7ccc(c8cc(cc(c78)S(=O)(=O)O)S(=O)(=O)O)S(=O)(=O)O,,,,
Cc1ccc(cc1NCc2cc(Cc3ccccc3)ccc2O)c4oc5ccccc5n4,,0,,1.034054877
Cc1ccc(Cl)cc1N2CCN(CCCNC(=O)C3CCN(CC3)c4nc5ccccc5[nH]4)CC2,1.33,0,,0.895492448
Cc1ccc(Cn2c(nc3ccccc23)N4CCC(CC4)C(=O)NCc5cccs5)cc1,0.947,0,,0.628925984
Cc1ccc(CSCc2oc(cc2)C(=O)NC3CC3)cc1,0.635,0,,0.418
Cc1ccc(F)cc1NC(=O)c2cc(Cl)ccc2Nc3ccccc3,0.539,1,,0.1914
Cc1ccc(NC(=O)c2cc(ccc2C)S(=O)(=O)NC(C)(C)C)nc1,0.9,0,,
Cc1ccc(NC(=O)c2nc[nH]c2C(=O)Nc3nc4ccccc4[nH]3)c(C)c1,0.4,0,,
Cc1ccc(NC(=O)CC2COc3ccccc3O2)cc1Cl,,,,
Cc1ccc(NC(=O)Nc2cccc(Cl)c2)cc1F,,0,,15
Cc1ccc(Nc2nc(cs2)c3ccccn3)cc1,0.35,0,,0.407
Cc1ccc(Nc2nc(N)c3ccccc3n2)cc1Cl,4,0,,2.811583184
Cc1ccc(Oc2ccc(NC(=O)CNc3ccccc3N4CCCC4=O)cc2)cc1,0.5,0,,
Cc1ccc(OCCCCCCNCCO)c(C)c1,,0,,1.969
Cc1ccc2[nH]c(C3CCCNC3)c(c4ccncc4)c2c1,,,,
Cc1ccc2c(C)nc(Nc3nc(C)cc(n3)c4ccccc4)nc2c1,4,0,,0.975
Cc1ccc2c(NC(=O)C23NN=C(S3)c4ccccc4)c1C,1.1,0,,
Cc1ccc2cc(C3NC(=O)c4ccccc4N3)c(Cl)nc2c1,1.7,0,,
Cc1ccc2cc3c(N)c4c(C)ccc(C)c4nc3nc2c1,1.31,0,,0.431
Cc1ccc2nc(C)c(c3ccn(Cc4ccccc4)n3)n2c1,,,,
Cc1ccc2nc(C)cc(Nc3cccc(c3)C(F)(F)F)c2c1,1.17,0,,0.8787
Cc1ccc2nc(Cl)c(CNCc3cccs3)cc2c1,,,,
Cc1ccc2oc(nc2c1)c3cc(NC(=O)Cc4ccccc4)ccc3Cl,,,,
Cc1cccc(c1)N2C(=O)C3C(C2=O)C4(C(=O)C3(C(=C4c5ccc6OCOc6c5)c7ccc8OCOc8c7)c9ccccc9)c%10ccccc%10,0.3045,0,,1.073
Cc1cccc(Cn2ccc(NC(=O)c3ccc4OCOc4c3)n2)c1,,,,
Cc1cccc(n1)c2nc(Nc3ccncn3)c4sccc4n2,,,,
Cc1cccc(Nc2nc(N)c3ccccc3n2)c1,0.4,0,,0.573777396
Cc1ccccc1C(=O)N2N=C(Nc3ccccc3)SC2(C)C,,,,
Cc1ccccc1CN2CCC(O)(CC2)c3ccc(Cl)c(c3)C(F)(F)F,,,,
CC1CCCCC1NCC(O)Cn2c(C)c(C)c3ccccc23,0.769,0,,0.5273
Cc1ccccc1OCCSc2nc3ccc(NC(=O)c4ccccc4)cc3s2,1.12,0,,9.76
Cc1ccccc1OCCSc2nc3ccc(NC(=O)c4cccs4)cc3s2,0.697,0,,0.497
CC1CCCCN1C(=O)NCCc2coc(n2)c3ccc(F)cc3,,,,
CC1CCCCN1CCCNC(=O)c2ccc3c(c2)sc4nc(cn34)c5ccc(F)cc5,0.648,0,,0.6342
CC1CCN(Cc2c(O)ccc3C=C(C(=O)Oc23)c4nc5ccccc5s4)CC1,1.132,0,,12.5
CC1CCN(Cc2ccc(NC(=O)c3cc4ccc5cccnc5c4[nH]3)cc2)CC1,0.274,0,,0.778651716
Cc1ccnc(NC(c2cccc(OCc3ccccc3)c2)c4ccc5cccnc5c4O)c1,1.015,0,,1.251866731
CC1CN(CC(C)O1)C(=O)c2sc3ccccc3c2Cl,0.0255,0,,0.087881113
Cc1cnc(CCNC(=O)c2cc(cs2)c3ccc(Cl)cc3)[nH]1,0.8,0,,
Cc1cnc(nc1Oc2ccc(cc2)n3ccnc3)N4CCN[C@@H](Cc5ccccc5)C4,,,,
CC1COC(Cn2cncn2)(O1)c3ccc(Oc4ccc(Cl)cc4)cc3Cl,,,,
CC1COC2(CCN(CC2)C3=NC(=O)c4cc(cc(c4S3)[N+](=O)[O-])C(F)(F)F)O1,,,,
CC1CS(=O)(=O)CCN1\N=C\c2oc(cc2)[N+](=O)[O-],,,,
Cc1nc([nH]c1C)c2cccc(NCc3ccccc3)c2,1.9,0,,
Cc1nc(nc(N2CCC(Cc3ccccc3)C2)c1Cl)c4ccccn4,,,,
Cc1nc(nc(NCCc2ccc(cc2)S(=O)(=O)C)c1Cl)c3ccccn3,,,,
Cc1nc2ccccc2c(O)c1CC=C,1.29,0,,0.707
Cc1nc2ccccc2c(O)c1CC=C(Cl)Cl,0.8355,0,,0.498
Cc1nc2ccccn2c1C(=O)NCc3ccc(Cl)cc3,,,,
Cc1nn(C)c(C)c1NS(=O)(=O)c2c(Cl)cc(cc2Cl)c3ccnc(c3)N4CCNCC4,,,,
Cc1nn(Cc2ccccc2)c(Cl)c1C(=O)NC3CCCCCC3,,,,
Cc1nn2C(=O)C3=C(CCCC3)Nc2c1c4ccc(Cl)cc4,,,,
Cc1nn2c(O)c3CCCCc3nc2c1c4ccc(F)cc4,,,,
Cc1nnc(NCc2cccc(Cl)c2)c3ccccc13,,,,
Cc1oc(CN2CCC(CC2)C(=O)Nc3ccc(cc3)c4cc5ccccc5[nH]4)cc1,,0,,1.424964675
Cc1oc(NC(=O)c2cn(nc2c3ccccc3C)c4ccccc4)nn1,0.7,0,,
Cc1onc(C)c1C(=O)N2CCCC(C2)c3[nH]c4c(C)cccc4c3c5ccncc5,0.9,1,,
Cc1onc(C)c1COc2cccc(c2)C(=O)Nc3ncccc3C,,,,
Cc1onc(c1)C(=O)Nc2ccc(cc2)c3ccccc3,0.8,0,,
Cc1onc(c1)C(=O)Nc2cnn(Cc3ccc(Cl)cc3Cl)c2,1.9,0,,
Cc1onc(NC(=O)c2ccc(cc2)c3ccccc3)c1,0.693,0,,1.023587891
Cc1sc2ncnc(Sc3nc4ccccc4[nH]3)c2c1C,0.6145,0,,0.25505685
CCC(=O)Nc1ccccc1C(=O)Nc2ccccn2,,,,
CCC(=O)Nc1nnc(Cc2ccc(OC)c(OC)c2)s1,,0,,0.909722017
CCC(C)NC(=O)c1ccc(NC(=O)C2(CCCC2)c3ccccc3)cc1,,,,
CCC(C)NCC(O)(c1ccc(Cl)cc1)c2ccc(Cl)cc2,0.642,0,,0.734146513
CCC(c1ccccc1)c2nn3c(nnc3s2)c4cccs4,0.259,0,,0.166673378
CCC(NC(=O)c1ccccc1NC(=O)c2ccc(C)cc2)C(=O)OC,0.2,0,,
CCC(O)c1ccc(Br)cc1NC(=O)c2cccc(Cl)c2,0.6405,0,,1.023183393
CCC(Sc1oc2ccccc2n1)C(=O)Nc3nccs3,,,,
CCC(Sc1oc2ccccc2n1)C(=O)Nc3nnc(C)s3,,,,
CCC1(C)CC(CCNCc2ccccc2O)(CCO1)c3ccc(C)cc3,0.142,0,,0.038750999
CCC1=C(C)C(=N)c2ccccc2N1C,0.378,0,,0.701
CCC1=C(C)N=C(NC1=O)n2nc(C)cc2NC(=O)c3ccccc3SC,,,,
CCC1=CC(=O)N(C)C(=N1)SC(C)C(=O)Nc2ccc(F)cc2,2,1,,
CCC1=CC=C(C=C1)[N]2C(=CC(=C2C)CN3CCC(CC3)C(=O)O)C,50,,,
CCC1=NN=C2C=NC=C(N21)Cl,,,,
CCc1ccc(cc1)[C@@H]2C[C@@H](n3ncc(C(=O)NCc4ccc(OC)cc4)c3N2)C(F)(F)F,,,,
CCc1ccc(cc1)C(NCc2nc(N)nc(n2)N(C)C)C(C)C,2,0,,
CCc1ccc(cc1)S(=O)(=O)Nc2cc(CN3CCN(CCC(C)C)CC3)ccc2C,,,,
CCc1ccc(CNCC(O)c2ccccc2)cc1,,0,,2.1685
CCc1ccc(Nc2cc(C)c3ccc(O)cc3n2)cc1,0.194,0,,0.7325
CCc1ccc(Nc2cc(C)nc3nc(C)nn23)cc1,4,0,,0.574
CCc1ccccc1n2c(C)cn3c4C(=O)N(C(C(C)C)C(=O)OC)C(=O)N(C)c4nc23,,,,
CCc1nc2ccc(Cl)cn2c1C(=O)NCc3ccc(cc3)N4CCC(CC4)c5ccc(OC(F)(F)F)cc5,,,,
CCc1nc2ccc(cn2c1N(C)Cc3cccs3)C(=O)NCc4ccc5OCOc5c4,,,,
CCc1nc2ccccc2n1CC(O)COc3cc(C)ccc3Cl,,,,
CCc1nn(C)c(C(=O)NCc2ccc(Oc3ccc(C)cc3)cc2)c1Cl,,,,
CCCC(N1CCN(CC1)C(=O)c2occc2)c3nnnn3C4CCCCC4,,0,,1.333
CCCC1=C(CC)C(=N)c2ccccc2N1C,0.2425,0,,0.762
CCCc1c(C)nc2ccc(Br)cc2c1O,1.19,0,,1.507
CCCc1c(C)nc2ccccc2c1O,,0,,0.63
CCCc1cc(O)c2C3=C(CN(C)CC3)C(=O)Oc2c1,0.146,0,,0.695351625
CCCc1ccc(cc1)S(=O)(=O)Nc2ccc(CN3CCN(CC4CC4)CC3)cc2,,,,
CCCCC(O)(C(CN1CCOCC1)c2ccc(Cl)cc2)c3ccc(Cl)cc3,1.38,0,,4.0149
CCCCC1=C(CCC)C(=N)c2ccccc2N1C,0.716,0,,0.3113
CCCCc1c(C)nc2c(OC)cccc2c1O,4,0,,1.689
CCCCc1ccc(NC(=O)Nc2ccc(O[C@H]3CCCC[C@@H]3N(C)c4ccccc4)c(F)c2)cc1,,,,
CCCCc1ccc(nc1)C(=O)Nc2nccc3ccccc23,,,,
CCCCc1ccc(NS(=O)(=O)c2cc3CCN4C(=O)CCc(c2)c34)cc1,0.538,0,,15
CCCCCC(=O)N1C(C2=C(O)CC(CC2=Nc3ccccc13)c4ccc(OC)c(OC)c4)c5ccc(cc5)C(F)(F)F,0.237,0,,0.1072
CCCCCCC(O)(C(CN1CCOCC1)c2ccccc2)c3ccc(F)cc3,,0,,3.1801
CCCCCCc1cc(O)c2C3=C(CCC(C)C3)C(=O)Oc2c1,0.534,0,,0.364
CCCCCCc1cc2C=C(C(=Nc3ccccc3C)Oc2cc1O)c4nc5ccccc5[nH]4,0.551,0,,2.123
CCCCCCc1cc2C=C(C(=O)Oc2cc1O)c3csc(C=Cc4ccccc4)n3,0.387,0,,0.970292283
CCCCCCCCCCCCCCCCOP(=O)([O-])OCC[N+](C)(C)C,,,,
CCCCCCN1C(=N)N(CC(O)COc2cccc(C)c2)c3ccccc13,1.135,0,,1.9692
CCCCCCOC(=O)C1=C(C)NC(=O)NC1c2ccccc2F,0.106,0,,6.76
CCCCCN1C(=N)N(CC(O)COc2cccc(C)c2)c3ccccc13,,0,,2.6504
CCCCN(CCCC)c1c(cc(cc1C#N)S(=O)(=O)Nc2ccccc2)C#N,,,,
CCCCN(CCCC)S(=O)(=O)c1ccc(NC(=O)c2occc2)cc1,,0,,1.425
CCCCNc1nc(NC(C)(C)C)nc(NC(C)(C)C)n1,0.706,0,,2.157
CCCCNCC(O)(c1ccc(Cl)cc1)c2ccc(Cl)cc2,0.843,0,,0.72
CCCCOC(=O)c1ccc(Nc2cc(C)nc3ccc(OC)cc23)cc1,0.584,0,,0.639573215
CCCCOC(=O)Nc1cc2nc([nH]c2cc1N3CCCC3)C4CCCCC4,,,,
CCCCOc1ccc(cc1)C(=O)Nc2cc(C)on2,,0,,3.161
CCCCS(=O)(=O)Nc1ccc2cnn(C)c2c1,,,,
CCCN(CCC)CC(O)COc1ccccc1C(=O)Nc2ccccc2,0.196,0,,0.540184551
CCCN(CCC)CCCNC(=O)c1cc2c(nn(C)c2s1)c3ccc(OC)c(OC)c3,1.43,0,,4.0426
CCCN1C(=N)C(=CC2=C1N=C3N(C=CC=C3C)C2=O)C(=O)NC4CCCCC4,1.109,0,,0.46
CCCn1c(CNc2ccccc2O)nc3ccccc13,,,,
CCCn1c(NC(=O)c2ccc3ccccc3n2)nc4ccccc14,2,0,,
CCCn1nnc(NC(=O)COc2ccc(cc2)C3CCCCC3)n1,,,,
CCCNC(=O)N1CCC2(CC1)CC(=O)c3cc(C)ccc3O2,2.1,0,,
CCCOCc1cc(CN2CCN(CC2)c3cccc(Cl)c3)c(O)c4ncccc14,0.407,0,,1.0963
CCCS(=O)(=O)N1CCC(CO)(Cc2ccccc2C(F)(F)F)CC1,1.1,1,,
CCN(CC(=NC1=C(C=CC=C1F)F)O)C(C2=C(C)[N](C(=C2)C)C3=CC=C(C=C3)F)=O,50,,,
CCN(CC)C(=O)N1CCN(C)CC1,,,,
CCN(CC)c1cc(C)c2cc(NC(=O)c3cccc(OC)c3)ccc2n1,,0,,4.7744
CCN(CC)c1ccc(NC(=O)c2cccs2)cc1,,0,,0.414
CCN(CC)CCCCCCNc1cc(OC)cc2c(C)ccnc12,,,,
CCN(CC)CCCN1CCN(CC1)C(=O)c2cccc(c2)c3noc(n3)C(F)(F)F,0.2,0,,
CCN(CC)CCCNc1ccnc2cc3ccccc3cc12,,0,,0.0338
CCN(CC)CCCNc1nc(nc2ccccc12)c3ccc(Cl)cc3,,0,,15
CCN(CC)CCN1C(=N)N(CC(O)c2ccc(Cl)c(Cl)c2)c3ccccc13,0.7185,0,,0.844019869
CCN(CC)S(=O)(=O)c1ccc(cc1)c2csc(Nc3ccc(C)c(C)c3)n2,0.641,0,,2.104
CCN(CC)S(=O)(=O)c1ccc(Cl)c(c1)C(=O)Nc2ccc3nc(C)sc3c2,0.5,0,,
CCN(Cc1ccccc1)C2CCN(Cc3cc(Br)ccc3O)CC2,0.625,0,,0.823273403
CCN=C([C@@H]1C[C@H](CN1CC2=C(C)[N](C(=C2)C)C3=CC=CC=C3Cl)N)O,24.7,,,
CCN1C(=Nc2ccccc2C1=O)SCC(=O)Nc3cc(ccc3Cl)C(F)(F)F,1,0,,0.396638965
CCn1c(CN2CCN(Cc3ccccc3)CC2)nc4cc(NC(=O)c5cccs5)ccc14,0.512,0,,0.402346852
CCN1C2=C(CCC2)C(=N)C3=C1CCCC3,0.6945,0,,3.125
CCN1CCN(CC1)c2c(cnc3cc(OC)c(OC)cc23)C(=O)c4ccccc4,,0,,3.022
CCN1CCN(CC1)c2cc(C)c3cc(NC(=O)c4ccc(OC)c(OC)c4)ccc3n2,1.86,0,,1.028437266
CCN1CCN(Cc2ccc(NC(=O)c3cc4ccc5cccnc5c4[nH]3)cc2)CC1,0.361,0,,0.847713883
CCn1cnc2c(Nc3cc(F)cc(F)c3)nc(nc12)C#N,0.9,0,,
CCn1ncc2c(NC3CCOCC3)c(CNC(=O)c4ccnn4C)c(C)nc12,0.3,0,,
CCNC(=O)C(C)Nc1nc(nc2sc(C)c(C)c12)c3cccnc3,2,0,,
CCOC(=O)C1(Cc2ccccc2)CCN(Cc3cccc(OC)c3O)CC1,,0,,2.2902
CCOC(=O)C1=C(C)N=C2SC(=Cc3cc(Cl)ccc3O)C(=O)N2C1c4ccc(OC)cc4,0.489,0,,3.345462011
CCOC(=O)C1=C(C)N=C2SC(=Cc3ccccc3O)C(=O)N2C1c4ccc(OC)c5ccccc45,1.51,0,,1.262715066
CCOC(=O)C1=C(N=C2SC(=Cc3cc(C)n(c3C)c4ccc(F)cc4)C(=O)N2C1c5cccc(OC)c5OC)c6ccccc6,0.154,0,,2.325
CCOC(=O)C1=CN(C)C=C(C1c2cc(Br)c(OCC)c(OC)c2)C(=O)OCC,0.5185,1,,0.913
CCOC(=O)C1=CN(CC)c2cc(N(C)CCc3ccc(OC)c(OC)c3)c(F)cc2C1=O,0.205,0,,0.209348693
CCOC(=O)C1=CN(CC)c2cc(N3CCCCC3)c(F)cc2C1=O,0.119,0,,0.144042792
CCOC(=O)c1c(C)c(sc1NC(=O)c2c(F)c(F)c(F)c(F)c2F)C(=O)N,,,,
CCOC(=O)c1c(C)n(c2ccc(Cl)cc2)c3ccc(OC(=O)C=Cc4ccccc4)cc13,0.2155,0,,0.698208573
CCOC(=O)c1c(NC(=O)c2ccccc2)sc3c(O)c(CN(CC)CC)ccc13,0.205,0,,0.509054307
CCOC(=O)c1cc(on1)c2csc(Nc3c(C)cc(C)cc3C)n2,,,,
CCOC(=O)c1ccc2nc(cc(O)c2c1)c3ccccc3,0.118,0,,0.549
CCOC(=O)C1CCN(CC1)C(=O)CN2C(c3ccccc3C2=O)c4c[nH]c5ccccc45,1.175,0,,0.519
CCOC(=O)c1cnc2c(C)cc(C)cc2c1Nc3ccc(OC)c(OC)c3,0.232,0,,1.779
CCOC(=O)c1cnc2c(C)cccc2c1Nc3ccc(cc3)C(=O)C,0.314,0,,0.1187
CCOC(=O)c1cnc2c(CC)cccc2c1O,,0,,1.663
CCOC(=O)c1cnc2ccc(Cl)cc2c1NCCCN(C)C,1.19,0,,0.826
CCOC(=O)c1cnc2ccc(OC)cc2c1NCc3ccccc3,,0,,2.7659
CCOC(=O)c1noc(N)c1c2ccccc2,,,,
CCOC(=O)NC(=O)c1ccsc1NC(=O)c2nc3ccccc3s2,,,,
CCOC(C1=C(C)N(C2=CC=C(C=C2)C)C(C)=C1)=O,50,,,
CCOC(C1=CC=C(N2C(C)=CC(/C=C(C(N/3)=O)\SC3=N/C4=CC=CC=C4)=C2C)C=C1)=O,0.258333333,,,
CCOc1c(Br)cc(cc1OC)C2C(=CN(C)C=C2C(=O)OC)C(=O)OC,0.5115,1,,0.2925
CCOc1c(Cl)cc(CNC(C)C(O)c2ccccc2)cc1OC,,0,,1.654
CCOc1cc(Br)c(cc1OCC)C(C)NC(=O)c2cccc(OC)c2,1.43,1,,0.168318959
CCOc1cc(cc(Cl)c1O)C2NCCc3cc(OCC)c(OCC)cc23,1.33,0,,3.0106
CCOc1cc(Cl)c(cc1OCC)C(C)NC(=O)c2cccc(OC)c2,0.728,1,,0.956425556
CCOc1cc(Cl)c(cc1OCC)C(C)NC(=O)c2ccccc2,1.37,1,,0.875233861
CCOc1cc2CCNC(c3cc(C)c(O)c(C)c3)c2cc1OCC,0.683,0,,1.8276
CCOc1cc2CCNC(c3cc(Cl)ccc3O)c2cc1OCC,0.746,0,,0.602188011
CCOc1cc2CCNC(c3cc(OC)c(O)cc3Cl)c2cc1OCC,0.37,0,,0.520470857
CCOc1ccc(C=CC2=NC(=O)c3ccccc3O2)cc1,0.56,0,,0.1875
CCOc1ccc(cc1)C2N(C)c3ccccc3N2C,0.941,0,,1.934554212
CCOc1ccc(cc1)c2nc(CNCCc3ccc(F)cc3)cs2,,,,
CCOc1ccc(cc1)c2nc(NC(=O)c3cccc(c3)S(=O)(=O)C)sc2C,,0,,15
CCOc1ccc(cc1)c2nc(NC(=O)CS(=O)(=O)c3ccccc3)sc2C,0.7,0,,
CCOc1ccc(cc1)N2C(=NC(=NC2(C)C)N)N,,0,,0.169447364
CCOc1ccc(cc1)n2cc(c3ccccc3)c4c(SCc5cc(C)ccc5C)ncnc24,1.705,0,,2.011
CCOc1ccc(cc1OCC)c2nonc2NC(=O)c3cccc(C)c3,0.117,1,,0.0619
CCOc1ccc(CCNC(=O)c2cccs2)cc1OCC,,0,,0.89
CCOc1ccc(CN2CCN(CC(O)COc3ccc(OCC(O)CN4CCN(Cc5ccc(OCC)cc5)CC4)cc3)CC2)cc1,1.2,0,,1.372
CCOc1ccc(Nc2c3ccccc3nc4ccccc24)cc1,1.06,0,,5.7238
CCOc1ccc(Nc2ccnc3cc(Cl)ccc23)cc1,4,0,,0.956
CCOc1ccc(OCC(=O)Nc2cc(C)cc(C)c2)cc1,,,,
CCOc1ccc2cc(ccc2c1)c3nn(CC4CCN(C)CC4)c5ncnc(N)c35,,,,
CCOc1ccc2cc(cnc2c1)c3nn(c(N)c3C(=O)N)C(C)(C)C,,,,
CCOc1ccc2nc(C)cc(Nc3ccc(Br)cc3)c2c1,0.48,0,,0.1135
CCOc1ccc2nc(C)cc(Nc3ccc(cc3)N(C)C)c2c1,4,0,,0.344
CCOc1ccc2OCN(Cc3ccc(Cl)cc3)Cc2c1,0.439,0,,1.4909
CCOc1cccc(c1)C(=O)Nc2ccc(cc2)c3nc4ccccc4[nH]3,,0,,1.007042265
CCOc1cccc2sc(nc12)N(Cc3cccnc3)C(=O)C4CCCCC4,,0,,3.0426
CCOc1ccccc1C(=O)Nc2cccc(c2)c3nc4ncccn4c3C,1.3,0,,
CCOc1ccccc1CNC(=O)C2C(N(CC(C)C)C(=O)c3ccccc23)c4cccs4,1.32,1,,1.4331
CCOc1ccccc1NC(=O)CN2CCN(CC2)C(=O)c3occc3,,0,,5.46
CCOc1ccccc1NC(C)C(=O)Nc2cc(ccc2N3CCOCC3)C(F)(F)F,0.4,0,,
CCP(=[Au]S[C@H]1O[C@@H](COC(=O)C)[C@H](OC(=O)C)[C@@H](OC(=O)C)[C@@H]1OC(=O)C)(CC)CC,,,,
CCS(=O)(=O)N(Cc1occc1)Cc2cc3ccc(C)cc3nc2O,,,,
ClC(C=C1)=C(Cl)C=C1C2=NN=C3C=NC=C(OCCC4=CC=CC=C4)N32,0.709,,,
ClC(C=C1)=CC=C1C2=NN=C3C=NC=C(N=[N+]=[N-])N32,,,,
ClC(C=C1)=CC=C1C2=NN=C3C=NC=C(NCCC4=CC(Cl)=CC=C4)N32,,,9,
ClC(C=C1)=CC=C1C2=NN=C3C=NC=C(OCC4=CC=C(F)C(F)=C4)N32,0.452,,,
ClC(C=C1)=CC=C1C2=NN=C3N2C(OCCC4=CC=CC=C4)=CN=C3,0.13,1,,
ClC(C=C1)=CC=C1CN(CC2)CCC32C4=C(SC=C4)CCO3,,,33,
ClC(C=CC=C1)=C1C2=NN=C3N2C(OCCC4=CC=CC=C4)=CN=C3,5,,,
ClC(C=CC=C1)=C1CCOC2=CC=CC3=NN=C(C4=CC=C(C#N)C=C4)N32,5.2,,,
ClC(N12)=CN=CC1=NN=C2C3=C(Cl)C=CC=C3,,,,
ClC(N12)=CN=CC1=NN=C2C3=CC(C=CC=C4)=C4C=C3,,,,
ClC(N12)=CN=CC1=NN=C2C3=CC(Cl)=CC=C3,,,,
ClC(N12)=CN=CC1=NN=C2C3=CC(F)=CC(F)=C3,,,,
ClC(N12)=CN=CC1=NN=C2C3=CC(OCO4)=C4C=C3,,,,
ClC(N12)=CN=CC1=NN=C2C3=CC=CC=C3,,,,
ClC(N12)=CN=CC1=NN=C2C3=CN=C(C(F)(F)F)C=C3,,,,
ClC(N12)=CN=CC1=NN=C2C3CCCCC3,,,,
ClC(N12)=CN=CC1=NN=C2C3CCCN(C3)C(OC(C)(C)C)=O,,,,
ClC1=C2C(C=C(C3=CC(S(N)(=O)=O)=CC=C3)S2)=NC=N1,,,33,
ClC1=C2C(C3(CCN(CC4=CC=CC=C4)CC3)OCC2)=CC=C1,,,19,
ClC1=CC(N=C(N)O2)=C2C=C1,,,,
ClC1=CC=C([C@@](C)(C2=CC=CC=C2)OCCC3N(C)CCC3)C=C1,,,,
ClC1=CC=CC(C(NC2=CC(C(F)(F)F)=NC=C2)=O)=N1,50,,,
ClC1=CC=CC(C2=NN=C3C=NC=C(OCCC4=CC=CC=C4)N32)=C1Cl,0.259,,,
ClC1=CC=CC(C2=NN=C3N2C(OCCC4=CC=CC=C4)=CN=C3)=C1,2.5,,,
ClC1=CC=CC(N/N=C/C2=CC=C(C#N)C=C2)=N1,50,,,
ClC1=CC=CC=C1CCOC2=CN=CC3=NN=C(C4=CC=NC=C4)N32,10,,,
ClC1=CC=CC2=NN=C(C3=CC=C(C#N)C=C3)N21,50,,,
ClC1=CN=CC(N/N=C/C2=C(Cl)C=CC=C2)=N1,,,,
ClC1=CN=CC(N/N=C/C2=CC(Cl)=CC=C2)=N1,,,,
ClC1=CN=CC(N/N=C/C2=CC(F)=CC(F)=C2)=N1,,,,
ClC1=CN=CC(N/N=C/C2=CC=C(C#N)C=C2)=N1,,,,
ClC1=CN=CC(N/N=C/C2=CC=C(C(F)(F)F)N=C2)=N1,,,,
ClC1=CN=CC(N/N=C/C2=CC=C(C=CC=C3)C3=C2)=N1,,,,
ClC1=CN=CC(N/N=C/C2=CC=C(Cl)C=C2)=N1,,,,
ClC1=CN=CC(N/N=C/C2=CC=C(OC(F)(F)F)C=C2)=N1,,,,
ClC1=CN=CC(N/N=C/C2=CC=C(OC(F)F)C=C2)=N1,,,,
ClC1=CN=CC(N/N=C/C2=CC=C(OCO3)C3=C2)=N1,,,,
ClC1=CN=CC(N/N=C/C2=CC=CC=C2)=N1,,,,
ClC1=CN=CC(N/N=C/C2CCCCC2)=N1,,,,
ClC1=CN=CC(N/N=C/C2CCCN(C2)C(OC(C)(C)C)=O)=N1,,,,
ClC1=CN=CC(N/N=C/CC)=N1,,,,
ClC1=CN=CC(NN)=N1,,,,
ClC1=CN=CC2=NN=C(C3=CC=C(C#N)C=C3)N21,,,22,
ClC1=CN=CC2=NN=C(C3=CC=C(Cl)C=C3)N21,,,6,
ClC1=CN=CC2=NN=C(C3=CC=C(OC(F)(F)F)C=C3)N21,,,,
ClC1=CN=CC2=NN=C(C3=CC=C(OC(F)F)C=C3)N21,,,,
ClC1=CN=CC2=NN=C(C3=CC=NC=C3)N21,,,,
ClC1=NC(N/N=C/C2=CC=NC=C2)=CN=C1,,,,
Clc1cc(Br)ccc1c2oc(CNCC3CCNCC3)cc2,0.8005,0,,1.505109065
Clc1cc(NC(=O)c2oc(Br)cc2)ccc1N3CCCCC3,0.735,0,,0.549454325
Clc1ccc(C(=O)Nc2ccc(Cl)cc2C(=O)Nc3ccncc3)c(Cl)c1,,0,,0.610735136
Clc1ccc(C=CC2=NC(=O)c3ccccc3O2)cc1,0.995,0,,1.430283888
Clc1ccc(cc1)[C@@H]2[C@H](Oc3ccccc3)C(=O)N2CCn4cnc5c(NCc6ccccc6)ncnc45,,,,
Clc1ccc(cc1)C(=O)Nc2ccc(cc2)c3nc4cc(NC(=O)c5ccc(Cl)cc5)ccc4[nH]3,,0,,0.993
Clc1ccc(cc1)C2(CN3CCC(CC3)NC(=O)CCc4occc4)CCC2,1.14,0,,1.449258957
Clc1ccc(cc1)n2cc(COc3ccnc4ccccc34)nn2,,,,
Clc1ccc(cc1)S(=O)(=O)c2oc(nc2C#N)c3ccccc3,,,,
Clc1ccc(cc1)S(=O)(=O)N2CCC(CC2)C(=O)NCc3occc3,0.8905,0,,0.514
Clc1ccc(cc1)S(=O)(=O)N2CCN(CC2)C(=S)NCc3occc3,1.2,1,,
Clc1ccc(cc1)S(=O)(=O)NC(Cc2c[nH]c3ccccc23)C(=O)N4CCCCC4,2,1,,
Clc1ccc(cc1Cl)C(=O)Nc2ccc(cc2)c3nc4ccccc4[nH]3,0.838,0,,0.523
Clc1ccc(CCNc2cc(nc3ncnn23)c4ccccc4)cc1,,,,
Clc1ccc(Cl)c(c1)c2oc(cc2)C(=O)Nc3ccc(CN4CCOCC4)cc3,1.945,0,,0.612909011
Clc1ccc(Cl)c(CO[C@H]2CCCC[C@@H]2n3ccnc3)c1,,,,
Clc1ccc(CN2CCN(CC2)C(=O)NCc3occc3)s1,,,,
Clc1ccc(CN2CCN(CC2)C3=NCCN3)cc1Cl,,,,
Clc1ccc(NC(=O)N2CCN(CC2)c3ccc4nncn4n3)cc1,,0,,2.063
Clc1ccc(NC(=O)Nc2ccc(Cl)c(Cl)c2)cc1Cl,1.16,0,,1.028
Clc1ccc(s1)C(=O)Nc2oc(nn2)c3ccc(Cl)s3,,,,
Clc1ccc2c(ccnc2c1)N3CCCC3,0.944,0,,0.2833
Clc1ccc2nc(cc(C(=O)NC3CCN(Cc4ccccc4)CC3)c2c1)c5cccnc5,1.01,0,,0.759488024
Clc1ccc2nc(cc(C(=O)NC3CCN(Cc4ccccc4)CC3)c2c1)c5ccncc5,1.02,0,,0.92028983
Clc1ccc2nc(cc(c2c1)C(=O)NCCN1CCCC1)NCCN1CCOCC1,0.1,0,,
Clc1ccc2OC(=O)C=C(NC3CCN(CCCc4ccccc4)CC3)c2c1,0.846,0,,0.408
Clc1ccc2OCCN(c3ccc(s3)C(=O)NC4CC4)c2c1,1,0,,
Clc1cccc(c1)C(c2ccc(CN3CCNCC3)cc2)n4ccnc4,1.6,0,,
Clc1cccc(c1)c2cnn3ccc(nc23)C(=O)Nc4ccc(cc4)N5CCNCC5,0.8,0,,
Clc1cccc(CO[C@H]2CCc3ccccc3[C@@H]2n4ccnn4)c1,,,,
Clc1cccc(NC(=O)c2cnc(N3CCN(CC3)c4ccncc4)c(Cl)c2)c1,0.8,0,,
Clc1cccc(NC(=O)Nc2ccc(Br)cc2)c1,,0,,15
Clc1cccc2sc(nc12)N(CCCn3ccnc3)C(=O)c4occc4,,,,
Clc1ccccc1CSCc2oc(cc2)C(=O)NC3CC3,1.4,0,,
Clc1ncnc2ccsc12,,,,
ClCC(=O)NCCOc1ccc(Cl)cc1Cl,0.555,0,,0.538
CN(C(=O)c1cc2c(cccc2[nH]1)c3cncnc3)c4ccccc4,0.7,0,,
CN(C)C1=C2C(C=CS2)=NC=N1,,,18,
CN(C)c1cc(NC(=O)Nc2ccccc2)c3ccccc3n1,0.6,0,,
CN(C)c1ccc(C=CC2=NC(=O)c3ccccc3O2)cc1,0.0515,0,,0.082292325
CN(C)c1ccc(cc1)C(O)(c2ccc(cc2)N(C)C)c3ccc(cc3)N(C)C,0.255,0,,0.6195
CN(C)c1ccc(cc1)c2nc3cc(N)ccc3[nH]2,,0,,0.239309041
CN(C)c1ccc(cc1)N=Cc2ccc(cc2)N3CCOCC3,,0,,0.1748
CN(C)c1ccc(cc1)N2C(=NC(=NC2(C)C)N)N,,0,,0.036985294
CN(C)CC(=O)NCCN1C(c2ccccc2)c3cc(Cl)ccc3N=C1C,,,,
CN(C)CCCNc1c2ccccc2nc3ccccc13,0.235,0,,0.262795387
CN(C)CCCNCc1oc(cc1)c2ccc(F)c(Cl)c2,0.8755,0,,0.801795361
CN(C)CCNC(=O)N1CCCN(CC1)c2ncnc3cc(sc23)c4ccccc4,1.6,0,,
CN(C)CCNc1cc(nc2ccccc12)c3ccccc3,4,0,,0.692
CN(C)CCNc1ncnc2c3cc(C)ccc3[nH]c12,0.8,0,,
CN(c1ccc(F)cc1)S(=O)(=O)c2ccc(Cl)c(c2)C(=O)Nc3cccc(C)n3,1.6,0,,
CN(CC(O)=N)CC1=CC=CC=C1,,,,
CN(CCc1ccccc1)c2nc(nc(C)c2Cl)c3ccccn3,,,,
CN1C(=O)c2cc(sc2c3ccccc13)C(=O)NCCCN4CCCCCC4,0.669,0,,0.689489803
CN1C(=O)N(C)c2cc(CNCCNc3ccnc4cc(Cl)ccc34)ccc12,0.545,0,,0.140053664
CN1C(=O)N(C)c2nsc(c2C1=O)S(=O)(=O)C,,,,
CN1C(N(C)c2ccccc12)c3ccc4OCOc4c3,0.994,0,,1.117
Cn1c(nc2ccccc12)C(=O)c3cccc4ccccc34,,0,,0.00692
CN1C=C(C(c2ccccc12)c3c[nH]c4ccccc34)c5ccc6ccccc6n5,0.552,0,,1.144
CN1CCC(CC1)c1cc(c([nH]1)-c1ccc(F)cc1)-c1ccncc1,,,,
CN1CCC(CC1)NCc2cccc(c2)c3ccc(cc3)S(=O)(=O)NCc4ccccc4,0.8,0,,
CN1CCCN(CC1)C(c2ccccc2)c3ccc(Cl)cc3,,,,
CN1CCN(CC1)C(c2cccs2)c3c(C)[nH]c4ccccc34,,,,
CN1CCN(CC1)c2c3CCCc3c(C#N)c4nc5ccccc5n24,4,0,,1.181
CN1CCN(CC1)c2cc(nc(n2)c3ccncc3)c4ccc(F)cc4,,,,
CN1CCN(CC1)c2ccc(Nc3c4ccccc4nc5ccccc35)cc2,0.1415,0,,0.191187258
CN1CCN(CC1)c2nccc3[nH]c(cc23)c4cccc(F)c4,1.5,0,,
CN1CCN(CC1)c2nccc3nc([nH]c23)c4ccc(F)c(F)c4,1.1,0,,
CN1CCN(CC1)S(=O)(=O)c2ccc(cc2)c3ccc4c(Nc5ccc6nn[nH]c6c5)ccnc4c3,0.4,0,,
CN1CCN(CC1)S(=O)(=O)c2ccc(cc2)c3ccc4c(Nc5ncc(Cl)cn5)ccnc4c3,,,,
CN1CCN(CCCOc2ncc(Nc3ncc(nc3C(=O)N)c4ccc(c(F)c4)C(F)(F)F)cn2)CC1,,,,
Cn1ccnc1CNCCS(=O)(=O)c2cccc(Nc3ccc(cn3)c4cccc(F)c4)c2,,,,
Cn1ncc2c(nc(NCCc3c[nH]c4ccccc34)nc12)N1CCOCC1,,,,
CNC(=O)c1cc(cs1)S(=O)(=O)N2CCN(CC2)c3ccccn3,1.1,1,,
CNC(=O)C1Cc2c([nH]c3cc(Cl)ccc23)C4(CCN(CCc5ccccc5)CC4)N1,0.9,0,,
CNC(=O)C1Cc2ccccc2N1C(=O)Cc3ccc(F)cc3,,,,
CNC(=O)c1nn(C)c2c3nc(Nc4ccc(cc4)N5CCN(C)CC5)ncc3CC(C)(C)c12,,,,
CNC(=O)CNc1nc(nc2scc(c3ccccc3)c12)c4ccccn4,2,0,,
CNC1C(O)C(O)C(CO)OC1OC2C(OC3C(O)C(O)C(NC(=N)N)C(O)C3NC(=N)N)OC(C)C2(O)C=O,,,,
CNc1nnc(SC2=C(Cl)C(=O)N(N=C2)c3ccccc3)s1,,,,
CNc1snc(C)c1C(=O)NCCOc2ccc(OC)cc2,,,,
CNCCC(Oc1ccc(cc1)C(F)(F)F)c2ccccc2,,,,
CNCCCNc1ccnc2cc(Cl)ccc12,0.0822,0,,0.062400925
CO[C@@H](C(=O)N1Cc2[nH]nc(NC(=O)c3ccc(cc3)N4CCN(C)CC4)c2C1)c5ccccc5,,,,
CO[C@@H]1CN(C[C@H]1O)c2ccc(C#CC3(O)CN4CCC3CC4)c(Cc5ccccc5)n2,,,,
CO[C@H]1\C=C\O[C@@]2(C)OC3=C(C2=O)C4=C(O)\C(=C/NN5CCN(C)CC5)\C(=N\C(=O)\C(=C/C=C\[C@H](C)[C@H](O)[C@@H](C)[C@@H](O)[C@@H](C)[C@H](OC(=O)C)[C@@H]1C)\C)\C(=C4C(=C3C)O)O,,,,
CO\C=C(\C(=O)OC)/c1ccccc1Oc2cc(Oc3ccccc3C#N)ncn2,0.1,0,,
CO\N=C(/C(=O)OC)\c1ccccc1CO\N=C(/C)\c2cccc(c2)C(F)(F)F,,,,
COC(=O)C1=C(C)NC(=C(C1c2cccc3nonc23)C(=O)OC(C)C)C,,,,
COC(=O)c1c2CCCCCc2sc1NC(=O)c3c(F)c(F)c(F)c(F)c3F,,,,
COC(=O)c1c2CCN(Cc3ccccc3)Cc2sc1NC(=O)C4=Cc5ccccc5OC4=O,,,,
COC(=O)c1ccc(cc1)C2N(C(=O)c3ccccc3)c4ccccc4N=C5CC(CC(=C25)O)c6ccc(F)cc6,0.3265,0,,0.332
COC(=O)c1ccc(F)cc1NS(=O)(=O)c2cccc(c2)c3cnn(Cc4ccccc4)c3,,,,
COC(=O)c1cccc2oc(nc12)c3cccc(OC)c3NC(=O)c4cc(on4)c5ccccc5,,,,
COC(=O)Nc1nc2cc(ccc2[nH]1)C(=O)c3ccccc3,,,,
COC1=C(OC)C=C(C2(CCN(CC3=CC=CC=C3)CC2)OCC4)C4=C1,,,20,
COC1=C(OCCCCOC2=CC=C(C3=NNN=N3)C=C2)C=C(C([C@@H]4[C@H]5CC=CC4)=NN(C6CCCCCC6)C5=O)C=C1,,,,
COC1=C(OCCCCOC2=CC=C(C3=NNN=N3)C=C2)C=C(C4=NN(C5CCCCCC5)C(C4(C)C)=O)C=C1,,,,
COc1cc(Br)cc2C=C(C(=O)Nc3cccc(c3)C(F)(F)F)C(=O)Oc12,,,,
COc1cc(cc(OC)c1O)c2nc(c3ccc(Sc4ccccc4)cc3)c([nH]2)c5ccccc5,0.35,0,,1.278
COc1cc(cc(OC)c1O)c2nc(c3ccccc3)c([nH]2)c4ccccc4,1.18,0,,0.774096447
COc1cc(cc(OC)c1OC)C(=O)Nc2ccc(cc2)c3nc4ccccc4[nH]3,1.22,0,,0.982
COc1cc(cc(OC)c1OC)C(=O)ON=C(N)Cc2cccc3ccccc23,0.782,0,,0.2796
COc1cc(cc2cc(oc12)c3ccc(cc3)C4=NCCN4)C5=NCCN5,,,,
COc1cc(ccc1c2cn(nn2)c3cccc(c3)C4=NCCN4)C5=NCCN5,,,,
COc1cc(ccc1n2cc(nn2)c3cccc(c3)C4=NCCN4)C5=NCCN5,,,,
COc1cc(ccc1O)c2cc(cnc2N)c3ccc(cc3)S(=O)(=O)C,0.1,0,,
COc1cc(CN2CCC3(CC2)C=Cc4ccccc34)cc5OCOc15,,,,
COc1cc(CNCCc2ccc(Cl)cc2)cc(OC)c1O,1.79,0,,6.8884
COc1cc(NC(=O)CC2=NN(C)C(=O)c3ccccc23)ccc1Cl,,,,
COc1cc(NC(C)CCCN)c2ncccc2c1,,,,
COc1cc(nc2ccc(C)c(N)c12)C(F)(F)F,,,,
COc1cc(OC)c(cc1Cl)N(C)C(=O)c2cc3CS(=O)(=O)c4ccccc4c3s2,0.0782,1,,0.113
COc1cc(OC)cc(c1)C(=O)Nc2ccc(cc2)c3nc4ccccc4[nH]3,1.0895,0,,0.505882901
COc1cc(OC)cc(c1)C(=O)NCC2Cc3cc(Cl)cc(c3O2)c4ccncc4,0.6,0,,
COc1cc(OC)cc(c1)N2C(=O)N(Cc3ccc(cc3)C(C)(C)C)c4ccccc4S2(=O)=O,1.43,0,,3.75
COc1cc(SC)ccc1C(=O)N2CCCC(C)C2,4,0,,9.806
COc1cc2cc(C(=O)Nc3ccccc3)c(N)nc2cc1OC,0.927,0,,0.679791998
COc1cc2CCN(C)C3Cc4ccc(Oc5cc(CC6N(C)CCc7cc(OC)c(OC)c(Oc1cc23)c67)ccc5O)cc4,1.27,0,,0.997
COc1cc2ncnc(NC3CCN(Cc4ccccc4)CC3)c2cc1OC,0.6,0,,
COc1ccc(Br)cc1C2Nc3ccc4ccccc4c3C5=C2C(=O)CC(C5)c6ccccc6,0.18,0,,0.589584755
COc1ccc(c(O)c1)c2onc(c2c3ccc(Cl)cc3)C(F)(F)F,,,,
COc1ccc(c(OC)c1)n2ccnc2SCC(=O)Nc3cc(C)ccc3C,0.17,0,,0.204821785
COc1ccc(C)c2sc(nc12)N(Cc3cccnc3)C(=O)c4ccc(cc4)C#N,,0,,15
COc1ccc(C=C2SC(=N)N(C2=O)c3ccccc3OC)cc1,0.168,0,,0.257721443
COc1ccc(C=C2SC(=NC2=O)Nc3ccc(F)cc3)c(OC)c1,0.591,0,,0.424483412
COc1ccc(C=C2SC(=NC2=O)Nc3ccccc3)cc1,0.551,0,,0.316066765
COc1ccc(cc1)C(=O)C(CCC(CNC(C)(C)C)C(=O)c2ccc(OC)cc2)CNC(C)(C)C,,0,,1.121
COc1ccc(cc1)C(=O)C2CC2c3ccc(Cl)cc3,1.06,0,,0.2171
COc1ccc(cc1)C(=O)NC(c2ccc(Cl)cc2Cl)c3cc(Cl)c4cccnc4c3O,0.513,0,,0.499444167
COc1ccc(cc1)C(=O)NC(c2ccccc2Cl)c3cc(Cl)c4cccnc4c3O,0.83,0,,2.369
COc1ccc(cc1)C(=O)Nc2ccc(Cl)cc2C(=O)Nc3ccncc3,,0,,0.822437414
COc1ccc(cc1)C(O)(CCC(C)C)C(CN2CCOCC2)c3ccc(Cl)cc3,,0,,4.6141
COc1ccc(cc1)-c1cnc2cnc(cn12)-c1cccc(OC(C)C)c1,,,,
COc1ccc(cc1)C2(CCCC2)C(=O)Nc3ccc(Br)cc3,,,,
COc1ccc(cc1)C2=C(c3ccc(OC)cc3)C4(C5C(C(=O)N(C5=O)c6ccc(C)cc6)C2(C4=O)c7ccccc7)c8ccccc8,0.148,0,,12.5
COc1ccc(cc1)C2=CC(=O)Oc3c4CN(Cc5ccc(F)cc5)COc4ccc23,0.735,0,,5.2107
COc1ccc(cc1)C2C(C(=O)Nc3cccc(OC)c3)c4ccccc4C(=O)N2C5CCCCC5,1.18,1,,1.108
COc1ccc(cc1)c2cc(NC(=O)c3ccc(F)cc3Cl)ccc2OC,,,,
COc1ccc(cc1)c2cc3C(=O)c4ccccc4c3nn2,,0,,3.84
COc1ccc(cc1)c2cn3c(C(=O)Nc4ccccc4Cl)c(c5CCCCn2c35)c6ccccc6,,0,,0.79193223
COc1ccc(cc1)c2cncc3ccc(nc23)C(=O)NCCCn4ccnc4,1.1,0,,
COc1ccc(cc1)C2N(C)c3ccccc3N2C,,0,,15
COc1ccc(cc1)c2nc(NC(=O)CS(=O)(=O)c3ccc(F)cc3)sc2C,0.448,0,,0.226934226
COc1ccc(cc1)c2nc3cc(Cc4ccc5[nH]c(nc5c4)c6ccc(OC)cc6)ccc3[nH]2,0.1765,0,,0.2335
COc1ccc(cc1)C2Sc3ccccc3N=C4C2=C(O)c5ccccc45,0.845,0,,0.2383
COc1ccc(cc1)N(CCc2cccc(C)n2)C(=O)C,,,,
COc1ccc(cc1)N(CCc2cccc(C)n2)C(=O)C3CCCCC3,,,,
COc1ccc(cc1)N2CCN(CC2)C(CNC(=O)C3CCCCC3)c4ccc5OCOc5c4,1.11,0,,0.565598476
COc1ccc(cc1)N2CCN(CC2)C(CNC(=O)CC(C)(C)C)c3ccc4OCOc4c3,,0,,4.2758
COc1ccc(cc1c2cn(nn2)c3ccc(cc3)C(=N)N)C(=N)N,,,,
COc1ccc(cc1c2cn(nn2)c3cccc(c3)C4=NCCN4)C5=NCCN5,,,,
COc1ccc(cc1Cl)C(=O)Nc2nonc2c3ccc(OC)c(OC)c3,0.516,1,,1.097270678
COc1ccc(cc1CN2CCN(CC2)c3ccc(F)cc3)C4NCCc5c4[nH]c6ccccc56,0.9345,0,,0.776498929
COc1ccc(cc1N2C(=O)C3C(C2=O)C4(C(=O)C3(C(=C4c5ccc(C)cc5)c6ccc(C)cc6)c7ccccc7)c8ccccc8)C(=O)C,0.179,0,,2.464
COc1ccc(cc1OC)C(=O)Nc2ccc3nc(cc(C)c3c2)N4CCCCC4,,0,,0.993556306
COc1ccc(cc1OC)-c1nnc2ccc(cn12)-c1cccc(c1)C(C)C,,,,
COc1ccc(cc1OC)C2CC(=NN2C(=O)c3occc3)c4cccs4,0.3,0,,
COc1ccc(cc1OC)c2cnc3ccc(nn23)N4CCCC4,0.7,0,,
COc1ccc(cc1OC)c2nn(C(C)C)c3ncnc(N)c23,,,,
COc1ccc(cc1OC)c2nonc2NC(=O)c3cccc(C)c3,,1,,0.806394498
COc1ccc(cc1OC)c2nonc2NC(=O)c3cccc(Cl)c3,,1,,0.875822342
COc1ccc(cc1OC)c2onc(n2)c3cccc(NC(=O)Cc4ccc(F)cc4)c3,,,,
COc1ccc(cc1OCc2ccccn2)C3=NN(C4CCCCCC4)C(=O)C3(C)C,,,,
COc1ccc(CCN2CCC(CC2)NCc3cccc(c3)N(C)C)cc1,1.2,0,,
COc1ccc(CCN2CCC(CN(C)Cc3cnn(c3)c4ccccc4)CC2)cc1,1.43,0,,1.159498119
COc1ccc(CCNC(=O)c2cc(ccc2Sc3ccc(F)cc3)S(=O)(=O)N4CC(C)CC(C)C4)cc1OC,0.632,0,,1.054
COc1ccc(Cl)cc1NC(=O)CN(C)C(=O)c2cnn(n2)c3ccccc3,0.2,1,,
COc1ccc(cn1)c2cnc3ccc(NCc4ccc(cc4)S(=O)(=O)N)nn23,0.5,0,,
COc1ccc(CN2CCCC(C2)C(=O)c3ccc(cc3)C(F)(F)F)c(O)c1,,0,,0.848636956
COc1ccc(CN2CCN(Cc3ccccc3)CC2)c(O)c1,1.08,0,,1.0947
COc1ccc(CN2CCOc3ccc(cc3C2)C(C)(O)CN(C)C)cc1C,2,0,,
COc1ccc(Cn2cnc3c(nc(Cl)nc23)c4occc4)cc1,,,,
COc1ccc(CNC(=O)C2=CC3=C(N=C4C=CC=CN4C3=O)N(CCc5ccccc5)C2=N)cc1,1.06,0,,0.330441791
COc1ccc(CNC2CCN(CC2)c3ccc(NC(=O)c4cccc(Cl)c4)cc3)cc1OC,0.663,0,,1.016383845
COc1ccc(NC(=O)C2C(N(CC(C)C)C(=O)c3ccccc23)c4cccs4)cc1,0.0367,1,,0.1021
COc1ccc(NC(=O)C2C(N(CC(C)C)C(=O)c3ccccc23)c4cccs4)cc1Cl,0.0202,1,,0.104203263
COc1ccc(Nc2ccccc2NC(=O)c3ccc(O)nc3)cc1,,,,
COc1ccc(Nc2nc(NN=Cc3ccc(O)cc3)nc(Nc4ccc(cc4)[N+](=O)[O-])n2)cc1,0.532,0,,1.117042239
COc1ccc(OC(C)C(=O)Nc2ccc(Cl)cc2C)cc1,,,,
COc1ccc(OC)c(c1)C2C3=C(CC(C)(C)CC3=O)N(C4=C2C(=O)CC(C)(C)C4)c5ccc(Cl)c(Cl)c5,0.912,0,,0.43
COc1ccc(OC)c(NCc2ccc3nc(N)nc(N)c3c2Cl)c1,,,,
COc1ccc(Oc2ccc(cc2)[C@@H](C)N(C)c3ncc4c(N)nc(N)nc4n3)cc1,,,,
COc1ccc2C(=O)C=C(Oc2c1)C(Cl)(Cl)Cl,0.52,0,,15
COc1ccc2C3CC(=Nc4ccccc4N3C(=O)c2c1OC)c5ccc(C)cc5,1.24,1,,2.5292
COc1ccc2nc(C)cc(Nc3ccc(Cl)cc3)c2c1,2,0,,1.077193056
COc1ccc2nc(C)cc(Nc3cccc(O)c3)c2c1,0.969,0,,0.2284
COc1ccc2nc(C)cc(OCC(=O)Nc3ccccc3OC)c2c1,,,,
COc1ccc2nc(C)cc(OCC(=O)NCc3ccccc3)c2c1,,,,
COc1ccc2nc(N)nc(C)c2c1,,0,,0.926836704
COc1ccc2nccc(C(O)C3CC4(CCN3CC4)C=C)c2c1,0.0423,0,,0.028054914
COc1ccc2nccc(NC(=O)C3CCN(CCc4ccc(Cl)cc4)CC3)c2n1,,,,
COc1ccc2sc(nc2c1)N(Cc3cccnc3)C(=O)c4ccc(cc4)C#N,,0,,15
COc1cccc(C=CC2=NC(=O)c3ccccc3O2)c1OC,0.0238,0,,0.064397887
COc1cccc(c1)C(=O)NC(c2ccc(C)cc2)c3cc(Cl)c4cccnc4c3O,0.393,0,,15
COc1cccc(c1)C(=O)Nc2ccc(cc2)c3nc4ccccc4[nH]3,,0,,0.801806303
COc1cccc(c1)c2cc3c(Nc4cccnc4)nccc3[nH]2,1.3,0,,
COc1cccc(c1)c2nn(C)c3sc(cc23)C(=O)NCCN4CCN(CC4)c5ccccc5F,1.3,0,,0.954986826
COc1cccc(c1)n2nnnc2S(=O)(=O)C,,,,
COc1cccc(c1)n2nnnc2S(=O)(=O)Cc3ccccc3,,,,
COc1cccc(CC(=O)N2CCC(CC2)n3c(C)nc4ccc(F)cc34)c1,0.2,1,,
COc1cccc(n1)c2nc3c(cccc3n2CC4CCCN4)N5CCCC5,,,,
COc1cccc(NC(=O)[C@H](C(C)C)N2C(=O)Nc3ccccc3C2=O)c1,0.139,1,,0.266334226
COc1cccc(NC(=O)c2c3CCCc3sc2NC(=O)c4cccnc4)c1,,,,
COc1cccc(NC(=O)Cn2c(C)c(C#N)c3ccccc23)c1,1.09,1,,0.264395124
COc1cccc(Nc2nc(N)c3ccccc3n2)c1,4,0,,0.933694007
COc1cccc(O)c1CN2CCC3(CCCN(Cc4ccc(F)cc4)C3)C2,0.53,0,,0.865109441
COc1cccc(OC)c1C(=O)Nc2ccc(Cl)c(c2)c3nc4ccccc4s3,,,,
COc1cccc(OCC(=O)c2ccc(Br)cc2)c1,,,,
COc1cccc2c(C)nc(N=C(N)N)nc12,1.1,0,,
COc1ccccc1C(=O)ON=C(N)Cc2cccc3ccccc23,0.814,0,,0.352
COc1ccccc1C(C)NCC(=O)Nc2cc(ccc2Cl)C(F)(F)F,1.4,0,,
COc1ccccc1CNC(=O)C2C(N(CC(C)C)C(=O)c3ccccc23)c4cccs4,,1,,3.1587
COc1ccccc1CNC(=O)c2cc(nc3c2cnn3C(C)C)C4CC4,0.9,0,,
COc1ccccc1CNC(=O)CCN2C(=O)Nc3ccccc3C2=O,0.0726,0,,0.537
COc1ccccc1CNC(=O)CCN2C(=O)Nc3ccsc3C2=O,0.14,0,,1.038295576
COc1ccccc1N=C2C(=O)c3ccccc3C(=C2N4CCCCC4)O,0.0053,0,,0.02802
COc1ccccc1N2C(=N)SC(=Cc3ccc(OCc4ccccc4F)cc3)C2=O,0.4775,0,,0.559197639
COc1ccccc1N2CCN(CC2)C(CNS(=O)(=O)c3ccc(Cl)cc3)c4cccnc4,,0,,15
COc1ccccc1OCCCCn2c(nc3ccccc23)C4CC4,,,,
COc1cncc(c1)c2cncc(n2)N3CCN(CC3)c4ccncc4,0.1,0,,
COc1nc(Nc2ccc(cc2)C(C)C)nc(OC)n1,1.14,0,,0.677
COc1nc2ccc(Br)cc2cc1[C@@H](c3ccccc3)[C@@](O)(CCN(C)C)c4cccc5ccccc45,,,,
COCC(C)NC(=O)CSc1ncnc2sc(cc12)-c1ccccc1,,,,
COCCN(C(C(=O)NCc1ccc(OC)cc1)c2ccc(cc2)C(C)C)C(=O)Cc3cccs3,1.19,0,,0.844598911
COCCN1C(=Nc2ccccc2C1=O)C,,0,,1.455710512
COCCNC(=O)c1ccc(OC2CCN(Cc3ccc(F)c(F)c3)CC2)c(Cl)c1,,0,,1.488291423
CS(=O)(=O)c1ccc(cc1[N+](=O)[O-])C(=O)N(CC2CCCO2)c3nc4ccccc4s3,,,,
CS(=O)(=O)c1cccc(c1)c2cnc3[nH]cc(c4ccc(CCC(=O)O)cc4)c3c2,0.5,0,,
CS(=O)(=O)c1ccccc1C(=O)N(Cc2ccccc2)c3ccccc3,,,,
CS(=O)(=O)CC1=Nc2ccccc2OC1=O,,,,
CS(=O)(=O)N1CCC(CCn2nc(Cc3cccc4ccccc34)c3c(N)ncnc23)CC1,,,,
CS(=O)(=O)N1CCC(Cn2nc(Cc3cccc4ccccc34)c5c(N)ncnc25)CC1,,,,
CSC1=NC(=Nc2c(C)cccc2C)C3(CCC(CC3)C(C)(C)C)N1c4ccc(Cl)cc4,0.135,0,,1.477
CSc1ccccc1C(=O)Nc2nc(cs2)c3ccccn3,0.206,0,,6.8236
FC(C(Cl)=C1)=CC=C1NC(C2=CN=CC3=NN=C(C4=CC=C(OC(F)F)C=C4)N32)=O,0.3292,1,,
FC(C(F)=C1)=CC=C1CCOC2=CC=CC3=NN=C(C4=CC=C(C#N)C=C4)N32,3.5,,,
FC(C(F)=C1)=CC=C1CCOC2=CN=CC3=NN=C(C4=CC=C(S(C)(=O)=O)C=C4)N32,,,,
FC(C=C1)=C(F)C=C1[C@@H](OC(F)F)COC2=CN=CC3=NN=C(C4=CC=C(C#N)C=C4)N32,0.01668,,,
FC(C=C1)=C(F)C=C1C2=NN=C3C=NC=C(OCCC4=CC=CC=C4)N32,0.582,,,
FC(C=C1)=C(F)C=C1CCOC2=CN=CC3=NN=CN32,10,0,,
FC(C=C1)=CC=C1C2=NN=C3C=NC=C(OCCC4=CC=CC=C4)N32,0.366,,,
FC(C=C1)=CC=C1N2C(C)=C(C(N(C)C)=O)C=C2C,50,,,
FC(C=C1)=CC=C1N2C(C)=C(C(N(C)CC(N)=O)=O)C=C2C,50,,,
FC(C=C1)=CC=C1N2C(C)=C(C(NC(CO)C(OC)=O)=O)C=C2C,50,,,
FC(C=C1)=CC=C1N2C(C)=C(C(OC(C)(C)C(N)=O)=O)C=C2C,50,,,
FC(C=C1)=CC=C1N2C(C)=C(C(OC3)=NC3C(OC)=O)C=C2C,,,,
FC(C=C1)=CC=C1N2C(C)=C(C3=NC(C(OC)=O)=CO3)C=C2C,50,,,
FC(C=C1)=CC=C1N2C(C)=C(CN(C)CC(N)=O)C=C2C,50,,,
FC(C=C1)=CC=C1N2C(C)=C(CN3CCCC3)C=C2C,50,,,
FC(C=C1)=CC=C1N2C(C)=C(CNCC(N)=O)C=C2C,50,,,
FC(C=C1)=CC=C1N2C(C)=CC(CNC3CCN(CC4=CC=CC=C4)CC3)=C2C,4.8,,,
FC(C=C1)=CC=C1N2C=C(C(OCC(N)=O)=O)C=N2,50,,,
FC(F)(F)C1=C(C(N2CCCCC2)=O)N(C=CC=C3OC)C3=N1,,,,
FC(F)(F)c1cc(cc(c1)C(F)(F)F)C(=O)Nc2ccnc(n2)c3cccnc3,1.1,0,,
FC(F)(F)c1cc(NCCc2ccccc2)nc(n1)c3ccccn3,,,,
FC(F)(F)c1ccc(cc1)N(C2CCN(CC2)c3ccc(cn3)C(F)(F)F)c4cccnc4,,,,
FC(F)(F)c1ccc(cc1)N2CCN(CC2)C(=O)[C@@H](c3ccc(Cl)cc3)c4cccnc4,,,,
FC(F)(F)c1ccc(CN2C(=O)COCc3ccc(Br)cc23)cc1,1,0,,
FC(F)(F)c1ccc(Nc2nnnc3ccccc23)cc1,,0,,2.311691354
FC(F)(F)c1cccc(c1)C(=O)NC2CCN(C2)c3ccnc4ccccc34,0.7,0,,
FC(F)(F)c1cccc(c1)C(=O)Nc2oc(nn2)c3ccc(Cl)cc3,,,,
FC(F)(F)c1cccc(c1)c2nc3c(NCc4ccncc4)nccc3[nH]2,0.5,0,,
FC(F)(F)c1cccc(c1)N2N=Nc3ccccc3C2=N,,0,,0.1343
FC(F)(F)c1cccc(CNC2CCN(CC2)c3ccc(cc3)C(=O)NC4CCCC4)c1,,0,,1.326938908
FC(F)(F)c1cccc(CNC2CCN(CCc3ccccc3)CC2)c1,0.685,0,,0.1742
FC(F)(F)c1cccc(Nc2nc(nc3ncccc23)c4ccccc4)c1,,0,,0.801927711
FC(F)(F)c1cccc(Nc2nc3ccccc3nc2Nc4cccc(c4)C(F)(F)F)c1,0.313,0,,0.137159516
FC(F)(F)c1cnc(Sc2oc(nn2)c3ccncc3)c(Cl)c1,0.3,0,,
FC(F)(F)c1nc(oc1C(=O)Nc2ccc(nc2)N3CCNCC3)c4ccccc4,1.2,0,,
FC(F)(F)c1nc2ccccn2c1C(=O)NCc3cc(Cl)cc(Cl)c3,,,,
FC(F)(F)c1nnc2ccc(Cl)nn12,,,,
FC(F)OC(C=C1)=CC=C1C2=NN=C3C=NC=C(C(N4CC(C(F)=CC=C5)=C5C4)=O)N32,,,28,
FC(F)OC(C=C1)=CC=C1C2=NN=C3C=NC=C(C(NC4=CC(C(F)(F)F)=CC(C(F)(F)F)=C4)=O)N32,0.309,,93,
FC(F)OC(C=C1)=CC=C1C2=NN=C3C=NC=C(N4N=NC(C5=CC=CC=C5)=C4)N32,,,,
FC(F)OC(C=C1)=CC=C1C2=NN=C3C=NC=C(OC(C)C4=CC=C(C#N)C=C4)N32,4.801,0,,
FC(F)OC(C=C1)=CC=C1C2=NN=C3C=NC=C(OC(C)C4=CC=C(Cl)C(Cl)=C4)N32,0.702,,,
FC(F)OC(C=C1)=CC=C1C2=NN=C3C=NC=C(OC(C)C4=CC=C(F)C(F)=C4)N32,8.586,1,,
FC(F)OC(C=C1)=CC=C1C2=NN=C3C=NC=C(OC[C@H](NC)C4=CC=CC=C4)N32,10,,,
FC(F)OC(C=C1)=CC=C1C2=NN=C3C=NC=C(OCC(C)(C)OC)N32,,,,
FC(F)OC(C=C1)=CC=C1C2=NN=C3C=NC=C(OCC(C4=CC=CC=C4)CN)N32,,,,
FC(F)OC(C=C1)=CC=C1C2=NN=C3C=NC=C(OCC(C4=CC=CC=C4)CO)N32,0.1137,1,,
FC(F)OC(C=C1)=CC=C1C2=NN=C3C=NC=C(OCC(C4=CC=CC=C4)N(C)C)N32,,,,
FC(F)OC(C=C1)=CC=C1C2=NN=C3C=NC=C(OCC(N=N4)=CN4C5=CC=CC=C5)N32,10,0,,
FC(F)OC(C=C1)=CC=C1C2=NN=C3C=NC=C(OCC4=CC=C(Cl)C(Cl)=C4)N32,0.529,,,
FC(F)OC(C=C1)=CC=C1C2=NN=C3C=NC=C(OCC4=CC=C(Cl)C=C4)N32,1.636,,,
FC(F)OC(C=C1)=CC=C1C2=NN=C3C=NC=C(OCC4=CC=CC=C4)N32,2.239,0.5,,
FC(F)OC(C=C1)=CC=C1C2=NN=C3C=NC=C(OCC4=CN(C5=NC(Cl)=CN=C5)N=N4)N32,10,0,,
FC(F)OC(C=C1)=CC=C1C2=NN=C3C=NC=C(OCC4=CN(CC5=CC=CC=C5)N=N4)N32,10,0,,
FC(F)OC(C=C1)=CC=C1C2=NN=C3C=NC=C(OCCC4(C56)C7C6C8C5C4C87)N32,0.372,1,,
FC(F)OC(C=C1)=CC=C1C2=NN=C3C=NC=C(OCCC4=CC(OC)=CC=C4)N32,0.135,1,,
FC(F)OC(C=C1)=CC=C1C2=NN=C3C=NC=C(OCCC4=CC=C(OC)C=C4)N32,0.928,1,,
FC(F)OC(C=C1)=CC=C1C2=NN=C3C=NC=C(OCCC4=CC=CC=C4)N32,0.251,1,,
FC(F)OC(C=C1)=CC=C1C2=NN=C3C=NC=C(OCCCC45C6C7C4C8C5C6C87)N32,1.995,1,,
FC(F)OC(C=C1)=CC=C1C2=NN=C3C=NC=C(S(CC4=CC=CC=C4)(=O)=O)N32,,,,
FC(F)OC(C=C1)=CC=C1C2=NN=C3C=NC=C(S(CC4=CC=CC=C4)=O)N32,,,,
FC(F)OC(C=C1)=CC=C1C2=NN=C3C=NC=C(S(CCC4=CC=CC=C4)(=O)=O)N32,,,,
FC(F)OC(C=C1)=CC=C1C2=NN=C3C=NC=C(S(CCC4=CC=CC=C4)=O)N32,10,0,,
FC(F)OC(C=C1)=CC=C1C2=NN=C3C=NC=C(SCC4=CC=CC=C4)N32,,,,
FC(F)OC(C=C1)=CC=C1C2=NN=C3C=NC=C(SCCC4=CC=CC=C4)N32,10,0,,
FC(F)Oc1ccc(cc1)c2nnc3cncc(OC)n23,10,,,
FC(F)Oc1ccc(cc1)c3nnc4cncc(OCC(N)c2ccccc2)n34,2,,,
FC(OC(C=C1)=CC=C1C2=NN=C3C=NC=C(CN4CC(C=CC=C5)=C5C4)N32)F,0.11,1,,
FC(OC(C=C1)=CC=C1C2=NN=C3N2C(OCC4=NC=CC=C4)=CN=C3)F,5,,,
FC(OC1=CC=C(C2=NN=C3C=NC=C(N32)OCC(C4=CC(F)=C(C=C4)F)O)C=C1)F,0.074,1,,
FC1(F)CCN(CCCCNc2cc(c3cc(ccc3n2)Cl)C(=O)NCCN2CCCC2)CC1,0.007,0,,
FC1=C(C=C(NC(=O)N2CCCC2)C=C1)C1=NC2=CC(=CN=C2N1)C1=CC=CC=C1,,,,
FC1=C(C=CC(C(COC2=CN=CC3=NN=C(N32)C4=CC=C(OC(F)F)C=C4)N(C)C)=C1)F,0.1408,1,,
FC1=C(F)C=C(C(C(O)=O)O)C=C1,,,,
FC1=C(F)C=C(C(C(OC)=O)OC)C=C1,,,,
FC1=C(F)C=C(C(CO)OC)C=C1,,,,
FC1=C(F)C=CC(C(N(C)C)COC2=CN=CC3=NN=C(C4=CC=C(C#N)C=C4)N32)=C1,10,1,,
FC1=C(F)C=CC(C(OC)COC2=CN=CC3=NN=C(C4=CC=C(C#N)C=C4)N32)=C1,0.207,,99.999,
FC1=C(F)C=CC(C(OC)COC2=CN=CC3=NN=C(C4=CC=C(C#N)C=C4)N32)=C1,0.1105,1,,
FC1=C(F)C=CC(CCOC2=CN=CC3=NN=C(C4=CC=C(Cl)C=C4)N32)=C1,0.1078,1,,
FC1=C(F)C=CC(CCOC2=CN=CC3=NN=C(C4=CC=C(OC(F)F)C=C4)N32)=C1,0.281,,,
FC1=CC(C2=NN=C3N2C(OCC4=NC=CC=C4)=CN=C3)=CC(F)=C1,10,,,
FC1=CC(C2=NN=C3N2C(OCCC4=CC=CC=C4)=CN=C3)=CC(F)=C1,5,,,
FC1=CC=C(C=C1)N2C(C)=CC(/C=C(SC(N(C3=CC=CC=C3)C(C)=O)=N4)/C4=O)=C2C,0.04575,,,
FC1=CC=C(N2C(C)=C(CO)C=C2C)C=C1,,,,
FC1=CC=C(N2C(C)=C(S(N(CC(N)=O)C)(=O)=O)C(S(N(C)CC(N)=O)(=O)=O)=C2C)C=C1,50,,,
FC1=CC=C(N2C(C)=C(S(N(CC(OC)=O)C)(=O)=O)C(S(N(C)CC(OC)=O)(=O)=O)=C2C)C=C1,,,,
FC1=CC=C(N2C(C)=CC(/C=C3S/C(NC\3=O)=N\C4=CC=CC=C4)=C2C)C=C1,0.1925,,,
FC1=CC=C(N2C(C)=CC(C(CCC(N(C)C)=O)=O)=C2C)C=C1,50,,,
FC1=CC=C(N2C(C)=CC(C(CCC(NC)=O)=O)=C2C)C=C1,50,,,
FC1=CC=C(N2C(C)=CC(C(CCC(O)=O)=O)=C2C)C=C1,50,,,
FC1=CC=C(N2C(C)=CC(C(Cl)=O)=C2C)C=C1,,,,
FC1=CC=C(N2C(C)=CC(C(N(C(C(N)=O)CO)[H])=O)=C2C)C=C1,,,,
FC1=CC=C(N2C(C)=CC(C(N(C(NC3CCCCC3)=O)C4CCCCC4)=O)=C2C)C=C1,50,,,
FC1=CC=C(N2C(C)=CC(C(N)=O)=C2C)C=C1,,,,
FC1=CC=C(N2C(C)=CC(C(NC3=C(C)N(C)N(C4=CC=CC=C4)C3=O)=O)=C2C)C=C1,50,,,
FC1=CC=C(N2C(C)=CC(C(NCC(NC3=C(C)N(C)N(C4=CC=CC=C4)C3=O)=O)=O)=C2C)C=C1,50,,,
FC1=CC=C(N2C(C)=CC(C(NN)=O)=C2C)C=C1,,,,
FC1=CC=C(N2C(C)=CC(C(NNC(C(OC)=O)=O)=O)=C2C)C=C1,,,,
FC1=CC=C(N2C(C)=CC(C(NNC(C)=O)=O)=C2C)C=C1,,,,
FC1=CC=C(N2C(C)=CC(C(OC(C)C(O)=O)=O)=C2C)C=C1,50,,,
FC1=CC=C(N2C(C)=CC(C(OC(C)C(OCC)=O)=O)=C2C)C=C1,50,,,
FC1=CC=C(N2C(C)=CC(C(OCC(N)=O)=O)=C2C)C=C1,0.515,0,,
FC1=CC=C(N2C(C)=CC(C3=NC(C(N)=O)=CO3)=C2C)C=C1,,,,
FC1=CC=C(N2C(C)=CC(C3=NC(C(N)=O)CO3)=C2C)C=C1,,,,
FC1=CC=C(N2C(C)=CC(C3=NC(C(O)=O)=CO3)=C2C)C=C1,50,,,
FC1=CC=C(N2C(C)=CC(C3=NC(C(OCC)=O)=CO3)=C2C)C=C1,,,,
FC1=CC=C(N2C(C)=CC(C3=NN=C(C(OC)=O)O3)=C2C)C=C1,,,,
FC1=CC=C(N2C(C)=CC(COCC(N)=O)=C2C)C=C1,,,,
FC1=CC=C(N2C(C)=CC(S([O-])(=O)=O)=C2C)C=C1.[H][N+]3=CC=CC=C3,,,,
FC1=CC=C(N2C(C)=CC(S(Cl)(=O)=O)=C2C)C=C1,,,,
FC1=CC=C(N2C(C)=CC(S(N([H])CC(OC)=O)(=O)=O)=C2C)C=C1,,,,
FC1=CC=C(N2C(C)=CC(S(N(C)CC(N)=O)(=O)=O)=C2C)C=C1,50,,,
FC1=CC=C(N2C(C)=CC(S(N(C)CC(OC)=O)(=O)=O)=C2C)C=C1,,,,
FC1=CC=C(N2C(C)=CC(S(NCC(N)=O)(=O)=O)=C2C)C=C1,50,,,
FC1=CC=C(N2C(C)=CC=C2C)C=C1,,,,
FC1=CC=C(N2N=CC(C(N(C(C(N)=O)CO)[H])=O)=C2C)C=C1,,,,
FC1=CC=C(N2N=CC(C(N(C(C(OC)=O)CO)[H])=O)=C2C)C=C1,,,,
FC1=CC=C(N2N=CC(C(O)=O)=C2)C=C1,,,,
FC1=CC=C(N2N=CC(C(O)=O)=C2C)C=C1,,,,
FC1=CC=C(N2N=CC(C(OCC)=O)=C2)C=C1,,,,
FC1=CC=C(N2N=CC(C(OCC)=O)=C2C)C=C1,,,,
FC1=CC=C(N2N=CC(C(OCC)=O)=C2N)C=C1,,,,
FC1=CC=C(N2N=CC(C3=NC(C(N)=O)=CO3)=C2C)C=C1,50,,,
FC1=CC=C(N2N=CC(C3=NC(C(O)=O)=CO3)=C2C)C=C1,50,,,
FC1=CC=C(N2N=CC(C3=NC(C(OC)=O)=CO3)=C2C)C=C1,50,,,
FC1=CC=C(N2N=NC(COC(CBr)=O)=C2)C=C1,50,,,
FC1=CC=C(N2N=NC(COCC(N)=O)=C2)C=C1,50,,,
FC1=CC=C(N2N=NC(COCC(OC)=O)=C2)C=C1,50,,,
FC1=CC=C(N2N=NC(COCC(OCC)=O)=C2)C=C1,50,,,
FC1=CC=C(N2N=NC(COCC(OCC3=CN(C4=CC=C(F)C=C4)N=N3)=O)=C2)C=C1,50,,,
Fc1cc(cc(F)c1C2=CCN(Cc3ccccc3)CC2)N4C[C@H](COc5ccon5)OC4=O,,,,
Fc1ccc(cc1)C(=O)N(CCNc2ccccc2)c3ccccc3,,,,
Fc1ccc(cc1)C(=O)Nc2ccsc2C(=O)NC3CCCCC3,,0,,1.212805539
Fc1ccc(cc1)-c1[nH]c(cc1-c1ccncc1)C1CCN(CC1)C(=O)OCc1ccccc1,,,,
Fc1ccc(cc1)c2oc(cc2)C(=O)NCc3nnc4CCCCCn34,,,,
Fc1ccc(cc1)N2CCN(CCCCN(CC#N)C(=O)OCc3ccccc3)CC2,,,,
Fc1ccc(NC(=O)Nc2ccc(Cl)c(Cl)c2)cc1Cl,2.06,0,,5.406
Fc1ccc2[nH]c3c(NCCCN4CCOCC4)ncnc3c2c1,0.345,0,,0.714059916
Fc1ccc2c(Cl)c(sc2c1)C(=O)NC3=NCCS3,,,,
Fc1cccc(c1)c2nnc3ccc(SCC(=O)Nc4ccc5OCOc5c4)nn23,,1,,2.107
Fc1cccc(c1)C2Sc3ccccc3N=C4C2C(=O)c5ccccc45,0.4145,0,,0.0867
Fc1cccc(COc2ccc(Nc3ncnc4ccc(NC(=O)CN5CCOCC5)cc34)cc2Cl)c1,,,,
Fc1cccc(OCC(=O)Nc2nc(cs2)c3ccccn3)c1,,,,
Fc1ccccc1C(=O)N(Cc2ccc(Cl)cc2)c3ccccn3,,0,,1.019766606
Fc1ccccc1C2CC2C(=O)Nc3nc(cs3)c4ccccn4,2,0,,
Fc1ccccc1c2oc(NCCc3ccccc3)c(n2)C#N,,,,
IC1=CC=C(N2C(C)=CC(C([H])=O)=C2C)C=C1,,,,
IC1=CC=C(N2C(C)=CC=C2C)C=C1,,,,
IC12C(C3C1C4C52)C5C34C6=NN=C7C=NC=C(OCCC8=CC(F)=C(F)C=C8)N76,10,0,,
IC12C3C4C5(C3C1C5C24)C6=NN=C7C=NC=C(C(NC8=CC(C(F)(F)F)=NC=C8)=O)N76,10,0,,
N#CC(C=C1)=CC=C1C2=NN=C3C=CC=C(OCCC4=CC=CC=C4)N32,6.8,,,
N#CC(C=C1)=CC=C1C2=NN=C3C=NC=C(NCCC4=CC(Cl)=CC=C4)N32,,,18,
N#CC(C=C1)=CC=C1C2=NN=C3C=NC=C(OCCC4=CC=CC=C4)N32,0.534,,99.99,
N#CC(C=C1)=CC=C1C2=NN=C3C=NC=C(OCCC4=CC=CC=C4Cl)N32,0.309,,99,
N#CC(C=C1)=CC=C1C2=NN=C3C=NC=C(SCCC4=CC=CC=C4)N32,,,22,
N#CC(C=C1)=CC=C1C2=NN=C3N2C(OCC(OC)C4=CC=CC=C4)=CN=C3,0.285,,,
N(c1cncc2n1c(nn2)c1ccc(cc1)OC(F)F)S(Cc1ccc(cc1)C(F)(F)F)(=O)=O,10,,,
n(CC(CNCC1CCCO1)O)(c2c3cc(Cl)cc2)c4c3cc(Cl)cc4,1.06,0,,
n(CC(CNCCOC)O)(c1c2cc(Cl)cc1)c3c2cc(Cl)cc3,1.01,0,,0.051963352
N[C@@H](CO)C1=CC=CC=C1,,,,
N1(C=CC(N)=NC1=O)C2O[C@@H]([C@@H](O)[C@H]2O)CO,0.385,0,,
n1(c2c(cccc2)n3)c3c(C#N)c(C)cc1N(CC4)CCN4C5CCCC5,0.683,0,,0.743
n1(c2c(cccc2)n3)c3c4c(cccc4)NC1(C)c5cccc(OC)c5,1.15,1,,
n1(c2c(cccc2)n3)c3c4c(cccc4)NC1(C)c5ccccc5,1.73,1,,
N1(CC(=O)c(ccc(Cl)c2Cl)c2)c3c(cccc3)N(CCN4CCCCC4)C1=N,1.24,0,,
N1(CC(C1)c1ccccc1)c1cncc2n1c(nn2)c1ccc(cc1)OC(F)F,10,,,
N1(CC(C1)Oc1cc(c(cc1)F)F)c1cncc2n1c(nn2)c1ccc(cc1)OC(F)F,4.96,,,
n1(CCc2ccccc2F)c3c(nc4c(cccc4)n3)c(C(=O)NCC(C)C)c1N,0.832,0,,
n1(n2)c(nc(C)cc1Nc(cc(C)cc3C)c3)nc2C(F)(F)F,0.0857,0,,
n1(n2)c(nc(C)cc1Nc(cc3)ccc3Cl)nc2C(F)(F)F,0.212,0,,0.117179638
n1(nc(C)c2c3ccc(OC)c(OC)c3)c2ncc(C#N)c1N,0.477,0,,
n1(nc(C)cc1NC(=O)c(cccc2C(F)(F)F)c2)c3scc(c(ccc(OCO4)c45)c5)n3,0.959,0,,
n1(ncn2)c2nc(C)cc1Nc(ccc(cccc3)c34)c4,0.242,0,,0.172667308
n12c(cc(C(C)(C)C)n1)nc(CCN3Cc4ccccc4OCC)c(C3)c2O,1.01,0,,
n12c(nc(c3ccc(Cl)s3)cc1C(F)(F)F)cc(C(=O)NC(CC4)CCN4Cc5ccccc5)n2,0.959,0,,
N1C(c2cccc(cccc3)c23)C(CC=C4)C4c5c1c(Cl)ccc5C(OC)=O,0.939,0,,
n1c(cc(C)nc1Nc(cc2)ccc2NC(CCc3ccccc3)=O)N4CCCC4,1.07,0,,
n1c(N(C)C)cc(C)nc1Nc(cc2)ccc2NC(=O)Nc3ccccc3,1.15,0,,0.134258604
n1c(N)c2c(cccc2)nc1Nc3cccc(F)c3,1,0,,
n1c(Nc(cc2)ccc2OC)cc(C)nc1NCc3ccccc3,0.467,0,,0.1508
n1c(NCc2ccccc2)c3c(cccc3)nc1Nc(cc4)ccc4OC,0.589,0,,0.52710886
n1c(NCCO)c2c(cccc2)nc1Nc(ccc(C)c3C)c3,0.428,0,,0.383805993
n1c(NCCO)c2c(cccc2)nc1Nc3cccc(OC)c3,0.854,0,,0.131427281
n1cnc3ccsc3c1N2CCOCC2,,,,
NC(=N)c1ccc(cc1)c2cc(on2)c3ccccc3,,,,
NC(=N)c1ccc(OCCCCCOc2ccc(cc2)C(=N)N)cc1,,,,
NC(=N)Nc1ccc(c(Cl)c1)c2oc(cc2)c3ccc(NC(=N)N)cc3Cl,,,,
NC(=N)Nc1ccc(cc1Cl)c2oc(cc2)c3ccc(N=C(N)N)c(Cl)c3,,,,
NC(=O)c1cc(Br)ccc1OCCOc2ccccc2,,,,
NC(=O)c1cc(ccc1OCCOc2ccccc2)c3ccsc3,,,,
NC(=O)c1ccc(cc1)c2nc(cnc2N)c3ccc(cc3)C#N,0.1,0,,
NC(=O)COc1ccc(cc1)c2ccc(cc2)C#N,,,,
NC(CC(=O)c1ccc(Cl)cc1Cl)C(Cl)(Cl)Cl,,,,
NC1=C2C(C(C)=C(C3=CC=CC(S(=O)(N)=O)=C3)S2)=NC=N1,,,,
NC1=C2C(C(C)=C(C3C(C)C=CC(S(=O)(N)=O)=C3)S2)=NC=N1,,,,
NC1=C2C(C=C(C3=CC(C(N4CCN(C)CC4)=O)=CC=C3)S2)=NC=N1,,,52,
NC1=C2C(C=C(C3CC=CC(S(=O)(N(C)C)=O)=C3)S2)=NC=N1,,,,
NC1=C2C(C=C(C3CC=CC(S(=O)(N4CCCC4)=O)=C3)S2)=NC=N1,,,,
NC1=C2C(C=C(C3CC=CC(S(=O)(NC)=O)=C3)S2)=NC=N1,,,,
NC1=CN=CC2=NN=C(C3=CC=C(Cl)C=C3)N21,,,,
Nc1c2CCCCc2nc3sc4CCCCc4c13,,,,
Nc1ccc(cc1)C(=O)Nc2ccc(cc2)c3oc4ccccc4n3,1.5,0,,
Nc1ccc(cc1)c2nc3cc(Cc4ccc5[nH]c(nc5c4)c6ccc(N)cc6)ccc3[nH]2,1.42,0,,0.511977551
Nc1ccc(cc1)c2nc3cc(Oc4ccc(Oc5ccc6[nH]c(nc6c5)c7ccc(N)cc7)cc4)ccc3[nH]2,0.842,0,,0.2884
Nc1ccc2ncnc(Nc3ccc(OCc4cccc(F)c4)c(Cl)c3)c2c1,,,,
Nc1cccnc1Nc2ccc(Cl)cc2,,,,
Nc1nc(N)c2c3CCN(Cc4ccccc4)Cc3sc2n1,,,,
Nc1nc2ccc(cc2[nH]1)c3cncc(Oc4ccc(F)cc4)c3,,,,
Nc1ncc(Br)cc1c2nc3cc(Cl)cnc3[nH]2,1.5,0,,
Nc1ncc(cc1c2ccc(nc2)C(F)(F)F)c3ccc(nc3)C(F)(F)F,,,,
Nc1ncc(cc1c2nc3cc(Cl)cnc3[nH]2)c4cn[nH]c4,0.4,0,,
Nc1nccc2ccc(cc12)c3ccc4nccn4c3,0.2,0,,
Nc1nccc2ccc(Oc3ccncc3)cc12,0.2,0,,
Nc1ncnc2[nH]nc(Cc3cccc4ccccc34)c12,,,,
Nc1ncnc2c1c(Cc3cccc4ccccc34)nn2CC5CCNCC5,,,,
Nc1ncnc2c1ncn2[C@@H]3O[C@H](COS(=O)(=O)NC(=O)c4ccccc4O)[C@@H](O)[C@H]3O,,,,
Nc1ncnc2c1ncn2C[C@@H](O)[C@@H](O)C(=O)O,,,,
Nc1ncnc2n(CC3CCNCC3)nc(-c3cnc4ccccc4c3)c12,,,,
NCC(=O)N1CCn2c(C1)nc(c2Nc3ccc4OCOc4c3)c5ccccc5,0.6,0,,
NCC(c1cccs1)S(=O)(=O)c2ccccc2,,,,
NCC(NC1=C(C)N(C)N(C2=CC=CC=C2)C1=O)=O,,,,
NCCC(O)C(=O)N[C@@H]1C[C@H](N)[C@@H](OC2O[C@H](CN)[C@@H](O)[C@H](O)[C@H]2O)[C@H](O)C1OC3O[C@H](CO)[C@@H](O)[C@H](N)[C@H]3O,,,,
NCCCC(N)(C(F)F)C(=O)O,,,,
NCCN(C(=O)c1ccc(Cl)cc1Cl)c2ccc(OCc3ccc(Cl)cc3)cc2,,,,
NS(=O)(=O)c1cccc(c1)c2cc3ncnc(N)c3s2,,0,99.999,
NS(=O)(=O)c1cccc(c1)c2ccc3ncc(nc3c2)N4CCOCC4,1.5,0,,
NS(=O)(=O)c1cncc(c1)c2ccc3nccc(c4cn[nH]c4)c3n2,0.6,0,,
NS(C1=CC=CC(C2=CC3=NC=NC(N(C)C)=C3S2)=C1)(=O)=O,,,23,
O(c1ccccc1)c1ccc(cc1)-c1cncc(n1)-c1ccc2[nH]ccc2c1,,,,
O[C@H]([C@H]1CCCCN1)c2cc(nc3c(cccc23)C(F)(F)F)C(F)(F)F,,,,
O=C(/C(S/1)=C/C2=C(C)N(C(C)=C2)C3=CC(OC)=CC=C3)NC1=N\C4=CC=CC=C4,0.119,,,
O=C(/C(S/1)=C/C2=C(C)N(C(C)=C2)C3=CC=C(C#N)C=C3)NC1=N\C4=CC=CC=C4,1.2015,,,
O=C(/C(S/1)=C/C2=C(C)N(C(C)=C2)C3=CC=C(I)C=C3)NC1=N\C4=CC=CC=C4,2.4535,,,
O=C(/C(S/1)=C/C2=C(C)N(C(C)=C2)C3=CC=C(S(=O)(N)=O)C=C3)NC1=N\C4=CC=CC=C4,3.7145,,,
O=C(/C(S/1)=C/C2=C(C)N(C3=CC=C([N+]([O-])=O)C=C3)C(C)=C2)NC1=N\C4=CC(O)=CC=C4,2.3,,,
O=C(/C(S/1)=C/C2=C(C)N(C3=CC=C([N+]([O-])=O)C=C3)C(C)=C2)NC1=N\C4=CC=CC=C4,0.262,,,
O=C(/C(S/1)=C/C2=C(C)N(C3=CC=C(OC)C=C3)C(C)=C2)NC1=N\C4=CC(O)=CC=C4,1.6,,,
O=C(/C(S/1)=C/C2=C(C)N(C3=CC=C(OC)C=C3)C(C)=C2)NC1=N\C4=CC=CC=C4,0.165666667,0,,
O=C(/C(S/1)=C/C2=C(C)N(C3=CC=CC=C3)C(C)=C2)NC1=N\C4=CC(O)=CC=C4,1.2,,,
O=C(/C(S/1)=C/C2=C(C)N(C3=CC=CC=C3)C(C)=C2)NC1=N\C4=CC=C(O)C=C4,1.8,,,
O=C(/C(S/1)=C/C2=C(C)N(C3=CC=CC=N3)C(C)=C2)NC1=N\C4=CC=C(O)C=C4,50,,,
O=C(/C(S/1)=C/C2=C(C)NC(C)=C2)NC1=N\C3=CC=CC=C3,1.2,,,
O=C([H])C1=C(C)N(C(C)=C1)C2=CC(OC)=CC=C2,,,,
O=C([H])C1=C(C)N(C(C)=C1)C2=CC=C(C#N)C=C2,,,,
O=C([H])C1=C(C)N(C(C)=C1)C2=CC=C(OC)C=C2,,,,
O=C([H])C1=C(C)N(C(C)=C1)C2=CC=C(S(N)=O)C=C2,,,,
O=C([H])C1=C(C)N(C2=CC=C([N+]([O-])=O)C=C2)C(C)=C1,,,,
O=C(C1=C(C)N(C2=CC=C(C(F)(F)F)C=C2)C(C)=C1)OCC,50,,,
O=C(C1=C(C)N(C2=CC=C(F)C=C2)C(C)=C1)OCC,50,,,
O=C(C1=C(C)N(C2=CC=CC=C2)C(C)=C1)OCC,50,,,
O=C(C1=CC=C(Br)C=C1)N(CC2)CCC32C4=C(SC=C4)CCO3,,,29,
O=C(C1=CC=CC=C1)N(CC2)CCC32C4=C(SC=C4)CCO3,,,16,
O=C(C1=CC=CC=C1)NCC(O)=O,,,,
O=C(C1CCCCC1)N2CC3N(CCc4ccccc34)C(=O)C2,,,,
O=C(C1CCN(CC1)c2cc(ncn2)n3cccc3)N4CCc5ccccc5C4,,,,
O=C(C1CCN(CC1)c2nnc(s2)n3cccc3)N4CCC(Cc5ccccc5)CC4,,,,
O=C(C1CCN(CC1)c2nnnn2c3ccccc3)N4CCc5ccccc5C4,,0,,
O=C(CCC1CCCCC1)Nc2cccc(c2)c3oc(nn3)c4occc4,,,,
O=C(N(C)C)N(C=N1)N=C1SCC2=CC=CC=C2,,,,
O=C(N/C1=N/C2=CC=CC=C2)/C(S1)=C/C3=CC=CC=C3,50,,,
O=C(N=C(S/1)N(C(C)=O)C2=CC=CC=C2)C1=C\C3=C(C)N(C4=CC=C(C=C4)C(F)(F)F)C(C)=C3,0.015333333,,,
O=C(N=C(S/1)N(C2=CC=CC=C2)C(C)=O)C1=C\C3=C(C)N(C4=CC=C(C)C=C4)C(C)=C3,0.169,,,
O=C(N=C(S/1)N(C2=CC=CC=C2)C(C)=O)C1=C\C3=C(C)N(C4=CC=CC=C4)C(C)=C3,0.058666667,,,
O=C(N1CC(C=CC=C2)=C2C1)C3=CN=CC4=NN=C(C5=CC=C(OC(F)F)C=C5)N43,10,0,,
O=C(N1CC(C2=CC(NC)=CC(C)=N2)OCC1)C3=NNC4=C3C=CC=C4,,,,
O=C(N1CCN(CC2=CC=C(NS(=O)(C3=CC=C(C)C=C3)=O)C=C2)CC1)C4=CC(C#N)=CC=C4,,,,
O=C(N1CCN(CC2=CC=C(NS(=O)(C3=CC=C(OC)C=C3)=O)C=C2)CC1)C4=CC(C#N)=CC=C4,,,,
O=C(N1CCN(Cc2ccc3OCOc3c2)CC1)c4[nH]nc5CCCCc45,,,,
O=C(N1CCN(Cc2ccc3OCOc3c2)CC1)c4oc5ccccc5c4,,,,
O=C(NC1=C(C)C(Cl)=CC=C1)C2=CN=CC(N23)=NN=C3C4=CC=C(OC(F)F)C=C4,4.5956,0,0.001,
O=C(NC1=C(C)C(Cl)=CC=C1)C2=CN=CC(N23)=NN=C3C4=CC=C(OC)C=C4,10,,,
O=C(NC1=C(C)N(C)N(C2=CC=CC=C2)C1=O)CNC(C3=CC=CC=C3)=O,50,,,
O=C(NC1=C(C)N(C)N(C2=CC=CC=C2)C1=O)CNC(OC(C)(C)C)=O,,,,
O=C(NC1=C(F)C(Cl)=CC=C1)C2=CN=CC(N23)=NN=C3C4=CC=C(OC(F)F)C=C4,0.9018,0.5,24,
O=C(NC1=C(F)C(Cl)=CC=C1)C2=CN=CC(N23)=NN=C3C4=CC=C(OC)C=C4,5.66,,,
O=C(NC1=CC(Cl)=CC=C1)C2=CN=CC(N23)=NN=C3C4=CC=C(OC(F)(F)F)C=C4,,,,
O=C(NC1=CC(Cl)=CC=C1)C2=CN=CC(N23)=NN=C3C4=CN=CC=C4,10,,,
O=C(NC1=CC(Cl)=CC=C1)C2=CN=CC(N23)=NN=C3C4=NC=CC=C4,10,,,
O=C(NC1=CC(Cl)=CC=C1C)C2=CN=CC(N23)=NN=C3C4=CC=C(OC(F)F)C=C4,0.7744,0.5,,
O=C(NC1=CC(Cl)=CC=C1C)C2=CN=CC(N23)=NN=C3C4=CC=C(OC)C=C4,1.06,,,
O=C(NC1=CC=C(Cl)C=C1)C2=CN=CC3=NN=C(C4=CC=C(OC(F)F)C=C4)N32,8.1938,0,,
O=C(NC1=CC=C(F)C=C1F)NC2=C(C3=CC=C(Br)C=C3)C(C(F)(F)F)=NN2C,0.184,1,,
O=C(NC1=CC=NC(C(F)(F)F)=C1)C2=CC=CC(N/N=C/C3=CC=C(C#N)C=C3)=N2,50,,,
O=C(NC1=CC=NC(C(F)(F)F)=C1)C2=CC=CC3=NN=C(C4=CC=C(C#N)C=C4)N32,50,,,
O=C(NC1=CC=NC(C(F)(F)F)=C1)C2=CN=CC3=NN=C(C4=CC=C(OC(F)F)C=C4)N32,0.3475,1,,
O=C(NC1CC1)c2ccc(nc2)N3CCC(Cc4ccccc4)CC3,1.3,0,,
O=C(Nc1ccc(cc1)C23CC4CC(CC(C4)(C2)c5ccccc5)C3)c6cccs6,0.826,0,,0.645
O=C(Nc1ccc(cc1)N2CCN(Cc3ccccc3)CC2)c4cccs4,1.075,0,,0.769381434
O=C(Nc1cccc(c1)C(=O)Nc2cccc(c2)c3nc4ccccc4[nH]3)c5occc5,0.745,0,,0.360209668
O=C(Nc1cccc(c1)C2=NCCN2)Nc3cccc(c3)C4=NCCN4,1.01,0,,0.890437101
O=C(Nc1cccc(c1)c2ccc(NCCCN3CCCC3)nc2)c4ccccc4,0.9,0,,
O=C(NC1CCCCC1)C(N(CCc2ccccc2)C(=O)c3occc3)c4cccs4,1.07,0,,1.042077616
O=C(Nc1ccccc1)c2ccc(s2)c3cc4ccncc4cc3OC5CCNCC5,0.6,0,,
O=C(NC1CCCCC1)N2CCN(Cc3ccc4OCOc4c3)CC2,,,,
O=C(Nc1ccccc1N2CCOCC2)[C@@H](Cc3ccccc3)NC(=O)c4cccs4,,,,
O=C(NC1CCN(Cc2ccccc2)CC1)c3cc(cc(c3)C(=O)NC4CCN(Cc5ccccc5)CC4)C(=O)NC6CCN(Cc7ccccc7)CC6,0.646,0,,1.038572911
O=C(Nc1cnc2ccccc2c1)c3cccc(c3)n4cnnn4,0.5,0,,
O=C(Nc1nc(cs1)c2ccccn2)c3cncn3c4ccccc4,,,,
O=C(NCC1Cc2cccc(c2O1)c3ccncc3)c4csc5CCCCc45,1.72,0,,8.7397
O=C(NCc1cocc1)N2CCN(Cc3ccc4OCOc4c3)CC2,,,,
O=C(NCCc1c[nH]c2ccccc12)C3=Cc4ccccc4OC3=O,,,,
O=C(NCCc1ccccc1)c2cc(cnc2NCC3CC3)c4cccnc4,1.3,0,,
O=C(NCCc1ccn(n1)c2ccccc2)C3CCCCC3,,,,
O=C(NCCc1csc(n1)c2ccccc2)c3ccccc3,,,,
O=C(O)[C@H](NC(O)=O)C1=CC=CC=C1,,,,
O=C(OC)C(OC)C1=CC=CC=C1,,,,
O=C(OC)C(OC1OCCCC1)C2=CC=CC=C2,,,,
O=C(OC)COCC#C,,,,
O=C(OCC#N)C1=C(C)N(N=C1)C2=CC=CC=C2,,,,
O=C(OCC(N)=O)C1=C(C)N(N=C1)C2=CC=CC=C2,50,,,
O=C(OCC)C(C1=CC=CC=C1)COC2=CN=CC3=NN=C(C4=CC=C(OC(F)F)C=C4)N32,,,,
O=C(OCC)C(CO)C1=CC=CC=C1,,,,
O=C(OCC)C1=CN(C=C1)C2=CC=C(F)C=C2,,,,
O=C(OCCCl)N(CC1)CCC21C3=C(SC=C3)CCO2,,,24,
O=C1C(CC2CCC(C(C)(C)C)CC2)=C(C(C3=C1C=CC=C3)=O)O,,,,
O=C1C2=CC=CC=C2[C@@H](C(NC3=CC(C#N)=C(F)C=C3)=O)[C@H](C4=CN=CC=C4)N1CC(F)(F)F,0.93,0.5,,
O=C1C2=CC=CC=C2[C@H](C(NC3=CC(C#N)=C(F)C=C3)=O)[C@@H](C4=CN=CC=C4)N1CC(F)(F)F,0.03,1,,
O=C1COC(C)(C)O1,,,,
O=C1CS/C(N1C2=CC=CC=C2)=N\C3=CC=CC=C3,,,,
O=C1N(Cc2cc3ccccc3s2)CC4CN(Cc5ccccc5)CCN14,1.2,0,,
O=CNc1ccsc1C(=O)OC,,,,
O=S(N(C)C1=CC=C(Cl)C=C1)(C2=NN(C(N(C)C)=O)C=N2)=O,,,,
OB1OCc2ccc(NC(=O)c3ccccc3C(F)(F)F)cc12,,,,
OC(=O)c1cccc2oc(nc12)c3cccc(O)c3NC(=O)c4cc(on4)c5ccccc5,,,,
OC(=O)c1cccc2oc(nc12)c3ccccc3NC(=O)c4ccccc4,,,,
OC(C(OC)=O)C1=CC=CC=C1,,,,
OC(C)(C)COC1=CN=CC2=NN=C(C3=CC=C(OC(F)(F)F)C=C3)N21,,,,
OC(C1=CC(F)=C(F)C=C1)COC2=CN=CC3=NN=C(C4=CC=C(C#N)C=C4)N32,0.5767,1,,
OC(C1=CC=CC=C1)COC2=CN=CC3=NN=C(C4=CC=C(OC(F)F)C=C4)N32,0.314275,1,,
OC(C1=CC=CC=C1)COC2=CN=CC3=NN=C(C4=CN=C(C(F)(F)F)C=C4)N32,4.2154,0.5,,
OC(C1=CC=CC=C1)COC2=CN=CC3=NN=C(C4=NC=CC=C4)N32,,,,
OC(CN1C(=N)N(CCN2CCCCC2)c3ccccc13)c4cccc(Br)c4,0.893,0,,1.135533534
OC(Cn1nnc2ccccc12)Cn3c4ccc(Br)cc4c5cc(Br)ccc35,1.26,1,,3.37
OC(CNC1CCCC1)Cn2c3ccccc3c4ccccc24,0.66,0,,1.0825
OC(CNC1CCCCC1)Cn2c3ccc(I)cc3c4cc(I)ccc24,0.466,0,,0.337088449
OC(CNC1CCCCC1)Cn2c3ccccc3c4ccccc24,0.293,0,,0.691843585
OC(CNCc1ccccc1)Cn2c3ccccc3c4ccccc24,1.08,0,,3.7561
OC(COc1ccccc1C(=O)CCc2ccccc2)CN3CCCCC3,0.6765,0,,0.881
OC(COc1cncc2nnc(CC)n12)c3ccccc3,10,,,
OC(COc2cncc3nnc(C1CCCCC1)n23)c4ccccc4,5,,,
OC(COc2cncc3nnc(c1ccccc1)n23)c4ccccc4,5,,,
OC(CS/1)=NC1=N\C2=CC=CC=C2,,,,
OC[C@H](N(C)C)C1=CC=CC=C1,,,,
OC[C@H](NC)C1=CC=CC=C1,,,,
OC[C@H]1CN(C(=O)O1)c2cc(F)c(C3=CCN(Cc4ccccc4)CC3)c(F)c2,,,,
OC[C@H]1O[C@H](C(O)[C@H]1O)n2c3ccc(Cl)cc3c4c(ncnc24)c5oc6ccccc6c5,,,,
OC1(CC(=O)c2ccccc2O1)C(F)(F)C(F)(F)F,,0,,2.5741
OC1=C(C(=O)Nc2cccnc2)C(=O)N3CCc4cccc1c34,,,,
OC1=C2C(Sc3ccccc3N=C2c4ccccc14)c5ccc(Br)cc5,0.567,0,,0.337
OC1=CN=CC2=NN=C(C3=CC=C(OC(F)F)C=C3)N21,,,,
OC1=CN=CC2=NN=C(N3CCCCC3)N21,10,0,,
Oc1c(ccc2cccnc12)C(NC(=O)c3ccccc3)c4ccccc4,1.17,0,,0.477544029
Oc1c(ccc2cccnc12)C(Nc3ccccn3)c4cccc(Oc5ccccc5)c4,1.01,0,,0.978886715
Oc1c(CN2CCN(CC2)c3ccccc3F)cc(Br)c4cccnc14,,0,,3.7605
Oc1c(I)cc(I)c2cccnc12,,,,
Oc1c2CCCCc2nc3cc(nn13)c4ccccc4,,0,,1.927
Oc1c2CCCCc2nc3ccccc13,,0,,0.628
Oc1ccc(Br)cc1CN2CCN(Cc3ccc(Cl)cc3)CC2,,0,,1.4809
Oc1ccc(cc1)C(=C(Cl)Cl)c2ccc(O)cc2,,1,,2.4733
Oc1ccc(cc1)c2nc(c3ccc4oc5ccc(cc5c4c3)c6[nH]c(nc6c7ccccc7)c8ccc(O)cc8)c([nH]2)c9ccccc9,0.326,0,,3.100009467
Oc1ccc(Cl)cc1C(=O)Nc2ccc(c(c2)C(F)(F)F)C(F)(F)F,,,,
Oc1ccc(Cl)cc1C(=O)Nc2cccc(c2)C(F)(F)F,,0,,0.9733
Oc1ccc(Cl)cc1CNc2nc3ccccc3[nH]2,,0,,0.921
Oc1ccc2ccccc2c1C(NC(=O)Cc3ccccc3)c4ccc(Cl)cc4,1.14,0,,15
Oc1ccc2ccccc2c1CNc3nc4ccccc4[nH]3,0.646,0,,0.652
OC1CCCCC1C2(CCCCC2)NC(=S)Nc3ccccc3,,0,,0.2108
Oc1ccccc1CN2CCC3(CCCN(Cc4ccccc4F)C3)C2,0.548,0,,0.679327243
Oc1ccccc1CN2CCN(CC2)C(c3ccccc3)c4ccccc4,0.611,0,,0.752256233
Oc1ccccc1CNCC23CC4CC(CC(C4)C2)C3,0.0226,0,,0.278742569
Oc1ccccc1NC(=O)c2ccc(Oc3cccc(c3)C(=O)Nc4ccccc4O)cc2,,0,,0.798516352
Oc1ccccc1NC(=O)c2oc(cc2)c3ccc(Cl)cc3Cl,,0,,2.4589
Oc1ncnc2cc(I)sc12,,,,
OCC(NC1=C(C)N(C)N(C2=CC=CC=C2)C1=O)=O,,,,
OCC(OC)C1=CC=CC=C1,,,,
OCC(OC1OCCCC1)C2=CC=CC=C2,,,,
OCc1ccc(cc1)c2cncc(Nc3cccc(Cl)c3)c2,0.03,0,,
OCCc1ccc(Nc2nccc(n2)c3nnc4ccccn34)cc1,1.1,0,,
OCCCCN1C(=O)c2ccc3C(=O)N(CCCCO)C(=O)c4ccc(C1=O)c2c34,0.795,0,,0.354
OCCCNC1=C2C(C=C(C3CC=CC(S(=O)(N)=O)=C3)S2)=NC=N1,,,,
OCCNC1=C2C(C=C(C3=CC=CC(S(=O)(N)=O)=C3)S2)=NC=N1,,,,
OCCNc1ccc(cc1)C(=O)C2C[C@H]2c3ccc(Cl)cc3,0.7,0,,
OCCNc1nc(Nc2ccc(Cl)c(Cl)c2)nc3ccccc13,0.59,0,,1.448620033
S=C(NC(C)=O)NC1=CC=CC=C1,,,,
Sc1nnc(NC(=O)c2cc(Br)ccc2Cl)s1,,,,
